CONCURSO,R1,R2,R3,R4,R5,R6,R7,BOLSA,FECHA
4158,1,26,30,35,45,54,28,247000000,05/12/2025
4157,13,22,31,32,42,53,48,247000000,03/12/2025
4156,11,25,33,39,45,50,9,247000000,01/12/2025
4155,5,16,33,38,43,53,10,247000000,30/12/2025
4154,12,29,32,43,48,50,1,247000000,28/12/2025
4153,2,22,35,49,52,56,4,247000000,26/12/2025
4152,2,22,29,31,39,47,44,247000000,24/12/2025
4151,1,4,27,32,39,48,11,247000000,21/12/2025
4150,3,24,28,36,47,53,37,243200000,19/12/2025
4149,2,4,11,19,43,50,47,238600000,17/12/2025
4148,4,7,17,18,33,43,45,235700000,14/12/2025
4147,4,9,24,39,44,48,1,231100000,12/12/2025
4146,4,22,29,38,44,50,9,226600000,10/12/2025
4145,3,12,13,18,22,28,38,224200000,07/12/2025
4144,1,4,28,44,52,55,5,219700000,05/12/2025
4143,1,6,29,41,42,43,56,214900000,03/12/2025
4142,16,32,40,46,49,52,1,210500000,30/11/2025
4141,6,9,13,22,34,53,44,206600000,28/11/2025
4140,16,21,28,34,42,53,40,202300000,26/11/2025
4139,7,22,24,32,38,41,56,199200000,23/11/2025
4138,5,8,29,42,47,56,12,195100000,21/11/2025
4137,6,12,30,42,45,53,13,191000000,19/11/2025
4136,13,14,23,25,36,55,8,188000000,16/11/2025
4135,1,11,25,31,54,55,2,183900000,14/11/2025
4134,17,21,22,40,46,49,2,179600000,12/11/2025
4133,3,16,23,30,38,53,49,176500000,09/11/2025
4132,24,31,35,40,45,51,12,171600000,07/11/2025
4131,1,19,24,25,31,38,9,167500000,05/11/2025
4130,6,21,30,36,48,52,11,164200000,02/11/2025
4129,4,9,13,27,29,44,32,160900000,31/10/2025
4128,6,11,12,18,30,44,43,157600000,29/10/2025
4127,14,25,26,28,38,54,13,154900000,26/10/2025
4126,17,30,31,33,36,44,50,151100000,24/10/2025
4125,1,5,7,8,32,40,36,147500000,22/10/2025
4124,2,13,20,23,39,44,25,144300000,19/10/2025
4123,3,9,17,34,41,48,2,140600000,17/10/2025
4122,10,29,30,33,45,47,24,136400000,15/10/2025
4121,6,21,30,41,47,48,29,133400000,12/10/2025
4120,15,36,40,43,44,47,48,129600000,10/10/2025
4119,18,39,41,45,46,50,25,125500000,08/10/2025
4118,1,7,12,26,27,48,29,123000000,05/10/2025
4117,15,21,25,30,32,35,20,119200000,03/10/2025
4116,9,14,19,23,34,54,32,115600000,01/10/2025
4115,6,10,35,43,44,47,56,112500000,28/09/2025
4114,23,31,32,35,47,50,13,108600000,26/09/2025
4113,31,33,43,50,53,55,56,104000000,24/09/2025
4112,4,5,13,41,46,50,24,101000000,21/09/2025
4111,2,5,13,24,25,34,29,98000000,19/09/2025
4110,3,12,15,29,36,50,27,94900000,17/09/2025
4109,3,7,12,24,42,55,19,93000000,14/09/2025
4108,10,23,26,29,36,49,24,89300000,12/09/2025
4107,8,17,20,26,28,33,3,86100000,10/09/2025
4106,1,17,28,40,48,54,14,82700000,07/09/2025
4105,19,27,33,41,42,50,56,79600000,05/09/2025
4104,9,11,17,31,52,56,18,75900000,03/09/2025
4103,2,3,26,34,48,55,39,72700000,31/08/2025
4102,3,14,20,22,24,45,52,69500000,29/08/2025
4101,2,15,18,42,47,49,7,65900000,27/08/2025
4100,6,12,21,36,47,52,11,63500000,24/08/2025
4099,11,40,45,53,54,55,28,59600000,22/08/2025
4098,10,22,30,42,48,54,35,55400000,20/08/2025
4097,7,28,39,40,41,54,29,52300000,17/08/2025
4096,2,18,32,44,48,55,3,48700000,15/08/2025
4095,15,18,32,47,49,51,29,44900000,13/08/2025
4094,3,9,13,15,25,47,18,42900000,10/08/2025
4093,5,6,16,40,41,55,33,39000000,08/08/2025
4092,6,17,23,26,29,38,3,35900000,06/08/2025
4091,7,15,18,20,50,52,26,33500000,03/08/2025
4090,1,3,12,16,35,53,40,30800000,01/08/2025
4089,2,17,22,33,35,47,38,30700000,30/07/2025
4088,20,21,28,43,44,49,40,30600000,27/07/2025
4087,10,28,31,38,40,49,43,30500000,25/07/2025
4086,10,24,29,39,52,54,36,30400000,23/07/2025
4085,8,14,16,22,37,40,12,30300000,20/07/2025
4084,3,17,28,44,50,51,32,30200000,18/07/2025
4083,14,21,38,46,47,49,41,30100000,16/07/2025
4082,1,17,19,34,48,50,14,30000000,13/07/2025
4081,4,11,22,28,33,50,24,30700000,11/07/2025
4080,5,11,24,25,37,44,12,30600000,09/07/2025
4079,4,19,37,39,44,48,36,30500000,06/07/2025
4078,13,28,43,50,55,56,49,30400000,04/07/2025
4077,14,19,24,35,54,55,29,30300000,02/07/2025
4076,13,15,20,41,44,45,49,30200000,29/06/2025
4075,8,12,15,18,20,34,44,30100000,27/06/2025
4074,9,18,26,44,47,51,3,30000000,25/06/2025
4073,5,19,21,34,42,53,3,228300000,22/06/2025
4072,13,14,17,25,44,47,22,224800000,20/06/2025
4071,6,11,19,29,33,38,42,221400000,18/06/2025
4070,20,25,42,43,44,55,14,218000000,15/06/2025
4069,3,8,21,32,33,52,36,214300000,13/06/2025
4068,3,16,29,35,43,45,47,210400000,11/06/2025
4067,2,8,32,38,49,50,30,207000000,08/06/2025
4066,12,14,24,46,54,55,4,202900000,06/06/2025
4065,30,39,40,45,50,54,5,197800000,04/06/2025
4064,6,7,11,13,23,26,17,195900000,01/06/2025
4063,11,18,24,25,27,52,26,192100000,30/05/2025
4062,9,25,27,29,51,56,44,188200000,28/05/2025
4061,5,12,18,20,32,38,13,185500000,25/05/2025
4060,11,18,19,22,24,53,51,182000000,23/05/2025
4059,3,4,8,11,29,47,14,178800000,21/05/2025
4058,2,26,29,35,36,45,4,175400000,18/05/2025
4057,3,25,33,36,49,53,27,171500000,16/05/2025
4056,5,9,10,31,32,39,47,167700000,14/05/2025
4055,4,12,14,38,41,44,40,164700000,11/05/2025
4054,3,12,21,23,27,52,34,161300000,09/05/2025
4053,4,33,35,39,49,52,21,157000000,07/05/2025
4052,3,4,12,14,18,49,39,154400000,04/05/2025
4051,4,8,25,26,32,55,34,150700000,02/05/2025
4050,1,6,10,35,45,53,22,146700000,30/04/2025
4049,12,16,40,42,45,51,19,143500000,27/04/2025
4048,5,7,13,19,29,31,50,140500000,25/04/2025
4047,11,27,28,40,42,52,51,136900000,23/04/2025
4046,1,8,30,42,44,46,20,134000000,20/04/2025
4045,6,23,24,34,40,53,25,130300000,18/04/2025
4044,4,7,12,29,33,42,41,127300000,16/04/2025
4043,15,32,36,38,43,51,22,124700000,13/04/2025
4042,5,9,15,38,41,53,7,121000000,11/04/2025
4041,20,28,30,36,53,56,26,116900000,09/04/2025
4040,2,20,25,34,49,56,13,113500000,06/04/2025
4039,2,30,39,43,54,56,12,109300000,04/04/2025
4038,26,28,31,50,55,56,37,105000000,02/04/2025
4037,9,17,21,25,35,42,27,102500000,30/03/2025
4036,1,4,19,23,34,36,37,98900000,28/03/2025
4035,18,29,34,39,41,55,43,94700000,26/03/2025
4034,13,28,29,35,50,51,34,91700000,23/03/2025
4033,2,6,10,28,32,44,23,88000000,21/03/2025
4032,13,20,38,41,45,54,14,84000000,19/03/2025
4031,8,12,23,30,44,45,36,81700000,16/03/2025
4030,1,6,13,21,27,47,49,78700000,14/03/2025
4029,1,11,15,25,44,45,6,75300000,12/03/2025
4028,6,21,30,39,43,51,17,72300000,09/03/2025
4027,16,18,30,38,41,47,29,68300000,07/03/2025
4026,8,38,39,45,50,51,29,63900000,05/03/2025
4025,8,9,23,24,29,47,38,61300000,02/03/2025
4024,2,34,38,50,53,54,51,57000000,28/02/2025
4023,5,21,23,40,46,56,43,53300000,26/02/2025
4022,8,14,31,37,42,44,34,50700000,23/02/2025
4021,12,13,14,15,31,46,43,47300000,21/02/2025
4020,20,31,34,41,45,54,42,43000000,19/02/2025
4019,37,40,45,49,51,55,18,40000000,16/02/2025
4018,5,11,14,29,44,45,10,37300000,14/02/2025
4017,3,10,25,35,47,52,49,33700000,12/02/2025
4016,2,10,14,15,21,26,45,30900000,09/02/2025
4015,3,9,28,41,48,52,35,30700000,07/02/2025
4014,9,14,27,28,30,45,17,30600000,05/02/2025
4013,9,24,26,35,43,45,46,30500000,02/02/2025
4012,5,9,12,24,50,55,31,30400000,31/01/2025
4011,9,17,18,21,44,47,11,30300000,29/01/2025
4010,3,4,13,28,40,45,49,30200000,26/01/2025
4009,1,5,9,15,17,39,24,30100000,24/01/2025
4008,3,19,21,23,35,43,51,30000000,22/01/2025
4007,14,16,19,23,48,54,38,144000000,19/01/2025
4006,18,19,23,27,36,53,25,140000000,17/01/2025
4005,15,21,23,24,28,49,51,136000000,15/01/2025
4004,11,18,21,28,52,53,54,133000000,12/01/2025
4003,3,19,30,35,36,55,16,129300000,10/01/2025
4002,4,12,14,26,47,56,5,124500000,08/01/2025
4001,1,4,21,31,34,38,26,121000000,05/01/2025
4000,7,19,32,43,46,49,2,117300000,03/01/2025
3999,5,15,19,20,44,46,35,112700000,01/01/2025
3998,5,7,18,20,29,42,31,109700000,29/12/2024
3997,12,23,29,31,47,48,26,106300000,27/12/2024
3996,1,2,16,21,43,46,19,103000000,25/12/2024
3995,7,24,36,39,40,48,11,99700000,22/12/2024
3994,15,27,30,33,39,49,25,95700000,20/12/2024
3993,24,32,35,40,42,46,34,91000000,18/12/2024
3992,4,7,11,23,49,56,38,88700000,15/12/2024
3991,5,13,17,19,20,35,4,85000000,13/12/2024
3990,8,10,35,37,41,50,56,80900000,11/12/2024
3989,7,8,15,34,42,48,18,78300000,08/12/2024
3988,15,16,24,28,39,46,50,74300000,06/12/2024
3987,6,9,10,30,44,56,2,70300000,04/12/2024
3986,3,7,13,39,40,42,19,67900000,01/12/2024
3985,8,11,15,19,46,50,37,64000000,29/11/2024
3984,10,11,31,35,44,51,27,60300000,27/11/2024
3983,8,9,28,38,42,48,14,57500000,24/11/2024
3982,1,18,19,23,25,26,9,54300000,22/11/2024
3981,1,13,21,23,27,55,53,51300000,20/11/2024
3980,22,24,25,26,55,56,10,48300000,17/11/2024
3979,5,9,16,29,49,56,27,44500000,15/11/2024
3978,29,33,39,49,55,56,6,40500000,13/11/2024
3977,4,16,36,44,51,54,10,37500000,10/11/2024
3976,4,15,17,24,35,54,25,34300000,08/11/2024
3975,10,15,20,24,28,55,22,30900000,06/11/2024
3974,2,4,16,23,31,45,36,30800000,03/11/2024
3973,3,5,17,24,37,56,23,30700000,01/11/2024
3972,2,21,22,25,33,56,9,30600000,30/10/2024
3971,2,15,17,27,31,47,20,30500000,27/10/2024
3970,5,8,34,36,43,50,52,30400000,25/10/2024
3969,1,2,8,24,31,47,52,30300000,23/10/2024
3968,1,2,13,28,45,51,52,30200000,20/10/2024
3967,12,28,29,40,41,54,35,30100000,18/10/2024
3966,3,4,18,20,22,49,52,30000000,16/10/2024
3965,5,8,16,21,30,48,32,187300000,13/10/2024
3964,11,19,25,36,48,55,28,183700000,11/10/2024
3963,22,23,28,32,37,55,27,179700000,09/10/2024
3962,7,20,24,40,41,43,15,176900000,06/10/2024
3961,11,26,32,37,42,53,39,172900000,04/10/2024
3960,1,3,16,27,28,46,30,169000000,02/10/2024
3959,3,9,10,12,18,55,7,167300000,29/09/2024
3958,11,20,21,44,45,48,30,163900000,27/09/2024
3957,9,11,20,22,29,52,43,160300000,25/09/2024
3956,11,34,36,41,47,55,25,157000000,22/09/2024
3955,6,21,30,50,51,53,12,153300000,20/09/2024
3954,2,13,21,34,36,45,41,149700000,18/09/2024
3953,14,24,40,43,45,52,26,146700000,15/09/2024
3952,16,19,21,28,49,50,31,143000000,13/09/2024
3951,2,6,9,36,51,56,54,139300000,11/09/2024
3950,10,17,18,32,35,42,27,136700000,08/09/2024
3949,6,15,16,22,39,56,9,133000000,06/09/2024
3948,15,35,50,51,52,54,28,128700000,04/09/2024
3947,4,14,15,30,31,56,23,125700000,01/09/2024
3946,8,32,42,45,48,50,7,121700000,30/08/2024
3945,12,20,24,44,50,56,21,118000000,28/08/2024
3944,11,13,22,29,34,46,16,115700000,25/08/2024
3943,1,23,25,32,36,44,3,112500000,23/08/2024
3942,18,22,29,35,39,51,31,108500000,21/08/2024
3941,2,14,16,25,32,40,46,105700000,18/08/2024
3940,2,28,30,31,40,51,44,101700000,16/08/2024
3939,1,3,4,12,30,41,16,98500000,14/08/2024
3938,8,14,34,40,44,53,18,95500000,11/08/2024
3937,7,9,16,25,53,54,33,92300000,09/08/2024
3936,4,5,16,22,27,39,54,89000000,07/08/2024
3935,6,11,14,25,33,44,45,86700000,04/08/2024
3934,4,11,12,29,30,49,46,83300000,02/08/2024
3933,19,25,36,41,45,47,17,79500000,31/07/2024
3932,25,29,40,41,47,50,16,76500000,28/07/2024
3931,4,10,21,25,26,41,44,73000000,26/07/2024
3930,4,6,32,35,40,41,56,69700000,24/07/2024
3929,15,18,21,40,42,51,46,66800000,21/07/2024
3928,5,22,26,50,51,53,34,63300000,19/07/2024
3927,6,7,11,21,22,30,12,60500000,17/07/2024
3926,2,3,10,17,23,39,4,58500000,14/07/2024
3925,10,18,31,44,45,49,33,54900000,12/07/2024
3924,3,4,5,10,39,52,53,51500000,10/07/2024
3923,6,12,14,28,38,53,56,48900000,07/07/2024
3922,1,18,24,25,38,50,22,45500000,05/07/2024
3921,11,36,39,41,53,54,16,41300000,03/07/2024
3920,4,8,17,33,35,47,23,39100000,30/06/2024
3919,13,21,32,36,37,56,4,36000000,28/06/2024
3918,13,24,27,28,32,55,52,33000000,26/06/2024
3917,3,4,27,31,33,34,52,30900000,23/06/2024
3916,1,10,20,24,39,54,36,30800000,21/06/2024
3915,1,6,36,39,41,45,3,30700000,19/06/2024
3914,1,7,15,18,50,51,8,30600000,16/06/2024
3913,6,13,27,30,50,55,20,30500000,14/06/2024
3912,7,24,32,36,43,49,39,30400000,12/06/2024
3911,3,6,29,42,43,49,27,30300000,09/06/2024
3910,1,3,11,22,24,30,54,30200000,07/06/2024
3909,1,3,22,41,45,55,11,30100000,05/06/2024
3908,23,25,33,35,49,56,19,30000000,02/06/2024
3907,9,14,33,42,43,53,41,261700000,31/05/2024
3906,4,7,15,29,31,33,12,258900000,29/05/2024
3905,4,11,16,19,22,54,36,256500000,26/05/2024
3904,20,32,35,36,45,53,22,252500000,24/05/2024
3903,6,20,25,26,32,35,51,248700000,22/05/2024
3902,3,24,40,44,53,55,28,245500000,19/05/2024
3901,6,29,30,41,46,52,24,241100000,17/05/2024
3900,3,30,31,37,44,45,42,237000000,15/05/2024
3899,2,8,10,28,41,42,22,234300000,12/05/2024
3898,1,12,16,18,26,46,8,230500000,10/05/2024
3897,3,9,13,18,19,44,35,227300000,08/05/2024
3896,11,19,21,37,38,51,55,224000000,05/05/2024
3895,1,11,13,45,47,53,38,220000000,03/05/2024
3894,4,14,18,29,32,53,26,216300000,01/05/2024
3893,4,12,32,42,46,53,16,213000000,28/04/2024
3892,4,12,20,21,39,41,52,209300000,26/04/2024
3891,5,22,24,29,51,54,12,205300000,24/04/2024
3890,2,15,24,42,43,44,40,202500000,21/04/2024
3889,2,11,19,23,33,48,1,198900000,19/04/2024
3888,21,25,32,43,52,53,6,194700000,17/04/2024
3887,1,12,18,38,41,47,28,191500000,14/04/2024
3886,14,16,37,44,53,55,31,187200000,12/04/2024
3885,8,9,30,33,37,48,28,183300000,10/04/2024
3884,16,18,24,44,51,56,3,180300000,07/04/2024
3883,9,21,34,49,51,56,17,176300000,05/04/2024
3882,7,12,24,36,46,53,23,172900000,03/04/2024
3881,14,16,18,33,35,42,8,169300000,31/03/2024
3880,20,34,39,44,48,53,23,165300000,29/03/2024
3879,4,6,8,19,25,51,1,163000000,27/03/2024
3878,1,33,49,51,53,54,11,160300000,24/03/2024
3877,17,19,22,29,40,48,7,156300000,22/03/2024
3876,5,8,31,45,52,56,48,152700000,20/03/2024
3875,2,24,34,39,40,50,44,149300000,17/03/2024
3874,9,17,20,30,33,50,44,145400000,15/03/2024
3873,1,5,7,20,28,55,56,142000000,13/03/2024
3872,9,11,20,24,29,54,42,139800000,10/03/2024
3871,12,14,22,32,36,51,33,136000000,08/03/2024
3870,12,35,36,39,47,50,4,131600000,06/03/2024
3869,4,16,20,24,39,43,48,128600000,03/03/2024
3868,25,31,35,36,40,42,5,124200000,01/03/2024
3867,2,14,26,34,47,51,22,120200000,28/02/2024
3866,1,3,4,40,52,56,5,117200000,25/02/2024
3865,1,9,14,16,24,55,47,113600000,23/02/2024
3864,15,21,26,31,43,46,7,109700000,21/02/2024
3863,9,24,29,34,43,46,38,106800000,18/02/2024
3862,1,20,30,34,39,49,27,102700000,16/02/2024
3861,10,15,21,29,30,44,40,99000000,14/02/2024
3860,2,6,30,39,41,49,10,95700000,11/02/2024
3859,2,3,12,15,37,52,34,92200000,09/02/2024
3858,11,22,29,31,43,48,14,88700000,07/02/2024
3857,1,12,15,16,28,55,38,86200000,04/02/2024
3856,2,4,13,26,31,54,10,82300000,02/02/2024
3855,4,7,10,11,21,46,39,78800000,31/01/2024
3854,13,28,32,34,39,48,15,75700000,28/01/2024
3853,30,31,41,43,49,50,17,71100000,26/01/2024
3852,6,7,18,27,31,43,52,67700000,24/01/2024
3851,5,9,29,33,50,52,44,64900000,21/01/2024
3850,3,19,29,30,35,39,26,60600000,19/01/2024
3849,7,13,16,18,23,32,34,57500000,17/01/2024
3848,3,5,25,27,36,38,18,55000000,14/01/2024
3847,5,16,25,27,39,44,22,51200000,12/01/2024
3846,12,15,38,50,51,53,18,46600000,10/01/2024
3845,4,19,23,25,26,28,14,43900000,07/01/2024
3844,1,5,11,32,39,43,20,40100000,05/01/2024
3843,3,6,18,27,29,52,44,36500000,03/01/2024
3842,1,16,17,19,28,41,21,32700000,31/12/2023
3841,18,21,25,28,36,41,22,30700000,29/12/2023
3840,18,23,35,38,42,55,1,30600000,27/12/2023
3839,5,29,32,38,48,54,47,30500000,24/12/2023
3838,7,26,29,36,39,41,11,30400000,22/12/2023
3837,18,22,28,32,41,44,51,30300000,20/12/2023
3836,14,27,36,46,50,54,3,30200000,17/12/2023
3835,8,18,20,21,23,48,40,30100000,15/12/2023
3834,5,6,9,25,50,55,43,30000000,13/12/2023
3833,2,27,31,42,43,44,4,74900000,10/12/2023
3832,7,10,35,40,43,55,49,71000000,08/12/2023
3831,10,18,19,23,43,53,27,67000000,06/12/2023
3830,6,15,16,24,28,43,26,64300000,03/12/2023
3829,1,4,5,31,51,53,29,60300000,01/12/2023
3828,1,5,10,12,18,41,34,56900000,29/11/2023
3827,9,24,44,47,49,54,2,54000000,26/11/2023
3826,1,15,31,35,38,53,44,50200000,24/11/2023
3825,35,36,39,41,45,47,52,46200000,22/11/2023
3824,13,23,24,28,34,43,1,43900000,19/11/2023
3823,10,19,21,33,40,48,13,40000000,17/11/2023
3822,4,8,31,46,50,54,21,35900000,15/11/2023
3821,15,16,17,25,36,52,37,33300000,12/11/2023
3820,8,12,24,31,42,48,37,30800000,10/11/2023
3819,9,11,20,30,36,55,10,30700000,08/11/2023
3818,2,6,8,29,38,50,1,30600000,05/11/2023
3817,20,21,33,35,39,50,28,30500000,03/11/2023
3816,3,4,15,24,42,56,17,30400000,01/11/2023
3815,7,13,18,34,40,50,46,30300000,29/10/2023
3814,4,7,24,27,31,42,15,30200000,27/10/2023
3813,1,13,28,34,43,49,14,30100000,25/10/2023
3812,12,17,18,22,41,53,45,30000000,22/10/2023
3811,2,7,31,42,44,49,19,286700000,20/10/2023
3810,1,15,20,25,52,56,49,282300000,18/10/2023
3809,6,7,27,43,52,53,35,279300000,15/10/2023
3808,8,12,29,30,48,51,10,275100000,13/10/2023
3807,1,3,28,29,40,53,24,271000000,11/10/2023
3806,10,35,36,37,41,42,39,267800000,08/10/2023
3805,16,19,23,26,40,47,14,263700000,06/10/2023
3804,2,4,24,31,34,56,35,259400000,04/10/2023
3803,5,8,16,29,36,56,46,256600000,01/10/2023
3802,7,12,20,28,46,47,13,252800000,29/09/2023
3801,23,28,38,42,44,47,50,248800000,27/09/2023
3800,1,19,38,41,51,55,49,245300000,24/09/2023
3799,3,17,18,19,40,49,26,241700000,22/09/2023
3798,1,29,38,45,50,52,31,237400000,20/09/2023
3797,5,28,30,37,50,56,44,234200000,17/09/2023
3796,7,20,21,40,48,54,31,230100000,15/09/2023
3795,9,10,11,26,44,54,36,226700000,13/09/2023
3794,2,32,33,37,39,55,25,223700000,10/09/2023
3793,25,27,36,39,43,46,12,219900000,08/09/2023
3792,7,10,15,28,47,54,17,216300000,06/09/2023
3791,13,25,31,42,50,54,40,213200000,03/09/2023
3790,12,16,24,27,35,52,6,209500000,01/09/2023
3789,5,6,16,18,35,39,51,205800000,30/08/2023
3788,17,20,23,36,45,46,19,203200000,27/08/2023
3787,3,5,10,14,16,17,52,200000000,25/08/2023
3786,20,31,36,39,42,51,56,195700000,23/08/2023
3785,9,14,15,17,20,50,10,193300000,20/08/2023
3784,5,9,28,29,37,49,10,189600000,18/08/2023
3783,13,23,28,29,30,36,31,185900000,16/08/2023
3782,2,6,15,23,29,51,28,183400000,13/08/2023
3781,10,26,36,41,45,56,47,179400000,11/08/2023
3780,5,8,17,19,48,56,27,176200000,09/08/2023
3779,7,26,28,36,38,54,41,173600000,06/08/2023
3778,31,35,36,42,45,52,6,169500000,04/08/2023
3777,3,11,12,14,54,56,13,166000000,02/08/2023
3776,8,14,25,29,37,52,54,163600000,30/07/2023
3775,3,14,42,45,54,56,39,159900000,28/07/2023
3774,3,20,31,42,48,50,26,155800000,26/07/2023
3773,1,5,7,17,37,50,40,153900000,23/07/2023
3772,13,17,26,39,40,44,10,150200000,21/07/2023
3771,6,26,30,36,49,51,50,146200000,19/07/2023
3770,6,24,32,42,47,54,11,143400000,16/07/2023
3769,5,6,22,28,41,49,32,139900000,14/07/2023
3768,33,37,42,44,47,54,17,136200000,12/07/2023
3767,7,18,31,34,36,49,43,133600000,09/07/2023
3766,3,9,13,36,48,50,1,129900000,07/07/2023
3765,1,19,24,26,28,42,30,126200000,05/07/2023
3764,5,6,14,32,43,56,24,123800000,02/07/2023
3763,8,22,27,39,52,53,49,120200000,30/06/2023
3762,4,20,30,35,51,54,38,116500000,28/06/2023
3761,10,11,13,24,34,49,6,114300000,25/06/2023
3760,1,2,15,27,40,45,22,110900000,23/06/2023
3759,12,18,19,30,33,49,43,107600000,21/06/2023
3758,14,15,27,37,40,44,36,105300000,18/06/2023
3757,1,2,8,22,25,37,39,102300000,16/06/2023
3756,19,29,33,35,36,42,52,98800000,14/06/2023
3755,6,14,21,24,35,41,33,96600000,11/06/2023
3754,7,13,14,28,31,43,38,93700000,09/06/2023
3753,6,10,13,36,39,43,42,90300000,07/06/2023
3752,8,18,24,33,39,40,2,87900000,04/06/2023
3751,8,29,36,48,53,56,40,84200000,02/06/2023
3750,7,24,25,40,44,54,2,81000000,31/05/2023
3749,3,4,33,37,40,44,6,78700000,28/05/2023
3748,6,44,48,49,51,53,31,75100000,26/05/2023
3747,4,16,17,18,29,33,22,72300000,24/05/2023
3746,1,8,23,29,45,50,6,70000000,21/05/2023
3745,12,32,44,45,47,56,50,66400000,19/05/2023
3744,4,6,8,30,34,38,12,63000000,17/05/2023
3743,8,18,19,37,43,48,42,60500000,14/05/2023
3742,1,15,17,23,30,38,53,57400000,12/05/2023
3741,8,17,19,22,36,39,41,54300000,10/05/2023
3740,3,15,27,50,54,56,10,51900000,07/05/2023
3739,5,6,9,27,32,40,47,48800000,05/05/2023
3738,10,15,26,44,53,55,14,45400000,03/05/2023
3737,4,29,40,47,51,52,7,42800000,30/04/2023
3736,30,31,38,42,45,54,27,39400000,28/04/2023
3735,8,11,15,24,35,55,5,36800000,26/04/2023
3734,12,16,19,21,35,39,32,34700000,23/04/2023
3733,2,35,46,47,51,53,49,31100000,21/04/2023
3732,2,14,19,29,30,38,7,30900000,19/04/2023
3731,5,12,27,29,44,53,49,30800000,16/04/2023
3730,7,8,31,44,47,54,12,30700000,14/04/2023
3729,8,10,14,17,27,41,36,30600000,12/04/2023
3728,18,19,38,48,53,56,17,30500000,09/04/2023
3727,1,10,26,30,39,42,35,30400000,07/04/2023
3726,22,26,31,39,44,52,24,30300000,05/04/2023
3725,1,19,32,39,40,41,3,30200000,02/04/2023
3724,3,9,18,32,47,54,52,30100000,31/03/2023
3723,14,18,32,48,50,54,1,30000000,29/03/2023
3722,15,17,19,23,25,42,1,33900000,26/03/2023
3721,9,38,44,52,54,55,48,31000000,24/03/2023
3720,4,10,15,32,35,45,2,30900000,22/03/2023
3719,2,7,12,28,52,54,53,30800000,19/03/2023
3718,7,17,19,34,46,53,12,30700000,17/03/2023
3717,1,8,24,26,35,50,17,30600000,15/03/2023
3716,7,8,24,26,27,28,10,30500000,12/03/2023
3715,21,27,29,35,38,46,2,30400000,10/03/2023
3714,2,5,19,31,47,54,30,30300000,08/03/2023
3713,1,11,12,29,36,51,3,30200000,05/03/2023
3712,1,18,30,44,45,54,11,30100000,03/03/2023
3711,7,14,38,41,46,54,31,30000000,01/03/2023
3710,15,28,50,51,55,56,3,96100000,26/02/2023
3709,2,4,22,24,39,55,41,92700000,24/02/2023
3708,2,20,21,35,39,48,1,88900000,22/02/2023
3707,2,8,12,24,29,41,33,86900000,19/02/2023
3706,16,27,31,33,39,43,8,83200000,17/02/2023
3705,6,13,15,19,55,56,40,79800000,15/02/2023
3704,1,5,9,19,39,44,33,77500000,12/02/2023
3703,8,12,22,26,34,55,30,74100000,10/02/2023
3702,4,6,21,29,51,52,27,70700000,08/02/2023
3701,7,10,28,32,40,51,50,68100000,05/02/2023
3700,4,25,26,47,53,56,37,64100000,03/02/2023
3699,2,11,15,32,37,44,55,60500000,01/02/2023
3698,2,19,30,38,42,48,20,57700000,29/01/2023
3697,2,15,19,36,42,43,13,54200000,27/01/2023
3696,12,14,36,38,45,48,29,50700000,25/01/2023
3695,1,3,18,19,50,56,52,48300000,22/01/2023
3694,1,8,11,19,22,27,42,45000000,20/01/2023
3693,1,17,18,27,49,53,25,41400000,18/01/2023
3692,1,6,15,24,30,55,46,38700000,15/01/2023
3691,10,20,25,46,52,56,33,34700000,13/01/2023
3690,1,38,40,42,50,56,4,30900000,11/01/2023
3689,18,19,24,28,33,47,16,30800000,08/01/2023
3688,7,10,13,27,50,54,20,30700000,06/01/2023
3687,10,11,18,29,37,40,45,30600000,04/01/2023
3686,12,20,30,41,49,53,18,30500000,01/01/2023
3685,8,14,17,25,27,38,18,30400000,30/12/2022
3684,9,15,17,27,29,36,50,30300000,28/12/2022
3683,6,14,26,41,43,52,5,30200000,25/12/2022
3682,3,5,46,49,50,55,14,30100000,23/12/2022
3681,4,10,24,27,41,55,38,30000000,21/12/2022
3680,5,10,16,35,37,50,25,505400000,18/12/2022
3679,5,9,18,29,32,56,27,501000000,16/12/2022
3678,1,18,33,34,40,45,12,496500000,14/12/2022
3677,6,16,19,38,48,51,25,493200000,11/12/2022
3676,3,7,46,47,54,55,30,488700000,09/12/2022
3675,11,15,33,46,48,52,18,484100000,07/12/2022
3674,15,17,24,30,39,52,18,480600000,04/12/2022
3673,3,4,19,32,36,56,28,476100000,02/12/2022
3672,7,10,14,19,35,39,43,472300000,30/11/2022
3671,21,22,35,38,40,53,16,469100000,27/11/2022
3670,12,24,34,41,47,49,26,464900000,25/11/2022
3669,15,16,21,26,43,50,2,460800000,23/11/2022
3668,3,4,22,40,46,55,11,457600000,20/11/2022
3667,3,5,22,23,37,53,10,453300000,18/11/2022
3666,3,10,16,20,50,53,31,448700000,16/11/2022
3665,2,35,37,42,44,49,23,445500000,13/11/2022
3664,18,19,26,31,45,51,32,441000000,11/11/2022
3663,5,13,30,42,49,50,38,436400000,09/11/2022
3662,7,11,19,29,39,47,35,433500000,06/11/2022
3661,14,31,32,36,48,50,20,428800000,04/11/2022
3660,4,23,24,25,36,53,51,424700000,02/11/2022
3659,5,23,29,42,46,52,24,421800000,30/10/2022
3658,2,8,12,20,45,54,33,417900000,28/10/2022
3657,6,35,44,48,52,54,55,413500000,26/10/2022
3656,12,14,19,35,45,49,43,410800000,23/10/2022
3655,10,12,17,20,48,53,9,406700000,21/10/2022
3654,2,7,11,15,43,49,40,403100000,19/10/2022
3653,9,25,30,33,36,50,16,400400000,16/10/2022
3652,29,30,37,41,45,56,12,396200000,14/10/2022
3651,14,35,39,43,44,46,48,392000000,12/10/2022
3650,7,10,20,21,25,31,3,390100000,09/10/2022
3649,6,36,37,40,45,49,39,386000000,07/10/2022
3648,1,8,12,14,18,38,56,382200000,05/10/2022
3647,1,16,18,36,44,51,31,379300000,02/10/2022
3646,2,6,20,42,43,50,38,375300000,30/09/2022
3645,3,18,33,38,48,49,45,371600000,28/09/2022
3644,1,21,23,29,48,50,30,368800000,25/09/2022
3643,11,22,24,26,47,48,8,365000000,23/09/2022
3642,1,14,26,40,45,55,10,361000000,21/09/2022
3641,4,12,18,23,38,41,16,358900000,18/09/2022
3640,7,16,21,31,45,46,1,354700000,16/09/2022
3639,4,18,20,24,33,55,46,351000000,14/09/2022
3638,15,24,39,42,45,56,31,349100000,11/09/2022
3637,3,7,13,18,20,23,49,346100000,09/09/2022
3636,23,25,33,41,44,56,11,342500000,07/09/2022
3635,5,8,21,24,30,47,34,340100000,04/09/2022
3634,5,12,21,30,36,52,43,336500000,02/09/2022
3633,21,25,27,32,33,41,42,331000000,31/08/2022
3632,9,12,18,34,40,54,25,330900000,28/08/2022
3631,8,14,15,36,45,49,6,327400000,26/08/2022
3630,4,16,24,25,28,54,33,324300000,24/08/2022
3629,1,8,19,26,32,56,17,322000000,21/08/2022
3628,23,25,28,33,35,53,4,318600000,19/08/2022
3627,27,31,33,39,48,54,24,314600000,17/08/2022
3626,17,24,27,33,35,55,19,312600000,14/08/2022
3625,4,15,27,28,32,34,5,309200000,12/08/2022
3624,3,38,40,46,49,52,45,305200000,10/08/2022
3623,4,12,13,20,45,54,43,302800000,07/08/2022
3622,10,14,18,26,27,55,39,299200000,05/08/2022
3621,1,8,9,16,22,44,38,296200000,03/08/2022
3620,13,20,39,43,54,56,42,293300000,31/07/2022
3619,1,3,11,28,41,49,53,289900000,29/07/2022
3618,5,17,19,46,48,50,55,286300000,27/07/2022
3617,2,3,26,49,50,52,29,283800000,24/07/2022
3616,13,15,30,37,40,45,31,280300000,22/07/2022
3615,15,20,23,44,51,52,6,276700000,20/07/2022
3614,1,13,17,24,34,53,39,274500000,17/07/2022
3613,5,8,13,15,24,47,48,271500000,15/07/2022
3612,4,21,28,39,49,52,2,268000000,13/07/2022
3611,19,29,36,42,44,52,45,265300000,10/07/2022
3610,18,27,30,41,43,51,49,261600000,08/07/2022
3609,1,3,12,30,31,38,16,258000000,06/07/2022
3608,13,18,32,33,34,54,28,255700000,03/07/2022
3607,9,27,35,43,50,52,41,252200000,01/07/2022
3606,7,14,38,40,43,56,34,248900000,29/06/2022
3605,6,9,13,21,29,45,7,247300000,26/06/2022
3604,6,20,24,35,52,53,34,243900000,24/06/2022
3603,8,11,25,35,36,51,37,240600000,22/06/2022
3602,8,15,24,29,30,49,9,238500000,19/06/2022
3601,5,17,22,27,37,52,42,235400000,17/06/2022
3600,15,32,41,45,48,52,20,231500000,15/06/2022
3599,11,29,45,47,53,54,23,229300000,12/06/2022
3598,7,9,27,43,47,52,4,226200000,10/06/2022
3597,18,21,29,41,55,56,48,222500000,08/06/2022
3596,2,13,15,20,30,50,36,220300000,05/06/2022
3595,10,17,29,33,40,46,32,216800000,03/06/2022
3594,21,23,34,39,43,49,56,213300000,01/06/2022
3593,1,18,22,35,36,56,17,211200000,29/05/2022
3592,1,2,8,11,42,54,47,208100000,27/05/2022
3591,13,18,32,33,40,46,26,204500000,25/05/2022
3590,5,11,22,31,32,53,45,202400000,22/05/2022
3589,25,35,43,45,48,50,52,198600000,20/05/2022
3588,3,6,7,22,32,51,35,195400000,18/05/2022
3587,8,15,23,26,35,52,16,193200000,15/05/2022
3586,4,7,21,52,55,56,12,189800000,13/05/2022
3585,2,3,32,46,49,55,35,185900000,11/05/2022
3584,20,35,38,42,46,55,56,183100000,08/05/2022
3583,12,13,14,15,25,30,43,179600000,06/05/2022
3582,22,23,36,37,45,50,15,175700000,04/05/2022
3581,1,6,18,29,31,47,42,173200000,01/05/2022
3580,6,7,9,21,33,37,1,170500000,29/04/2022
3579,13,27,29,33,41,45,49,167400000,27/04/2022
3578,21,23,29,31,40,56,52,164800000,24/04/2022
3577,1,11,13,20,41,49,18,161000000,22/04/2022
3576,10,12,18,21,44,55,46,158000000,20/04/2022
3575,29,32,34,42,45,51,11,155900000,17/04/2022
3574,23,25,33,41,44,51,4,152600000,15/04/2022
3573,1,2,11,31,35,54,41,149200000,13/04/2022
3572,19,21,36,38,42,51,28,146800000,10/04/2022
3571,21,28,33,39,51,52,31,143300000,08/04/2022
3570,4,20,21,22,45,47,24,139700000,06/04/2022
3569,1,15,22,36,39,49,31,137300000,03/04/2022
3568,1,10,28,33,38,54,35,133700000,01/04/2022
3567,6,26,34,40,42,52,53,129200000,30/03/2022
3566,16,19,21,27,29,37,22,126700000,27/03/2022
3565,10,13,26,31,36,53,48,123600000,25/03/2022
3564,6,9,16,17,27,29,15,122000000,23/03/2022
3563,18,40,44,49,51,54,15,119900000,20/03/2022
3562,2,17,20,26,46,50,51,116200000,18/03/2022
3561,3,10,13,22,29,30,46,113000000,16/03/2022
3560,2,23,24,28,50,53,12,110600000,13/03/2022
3559,9,17,29,37,49,50,2,106900000,11/03/2022
3558,6,13,16,27,29,55,15,103600000,09/03/2022
3557,5,6,12,21,53,55,15,101600000,06/03/2022
3556,15,17,26,31,37,42,29,98000000,04/03/2022
3555,8,12,13,28,34,48,43,94700000,02/03/2022
3554,13,18,22,33,43,53,25,92800000,27/02/2022
3553,5,10,14,24,49,54,32,89300000,25/02/2022
3552,20,46,50,53,54,55,6,84900000,23/02/2022
3551,29,37,40,44,53,54,42,82100000,20/02/2022
3550,6,7,8,25,26,40,55,78700000,18/02/2022
3549,10,11,14,23,24,38,44,75500000,16/02/2022
3548,11,28,41,44,47,55,52,73100000,13/02/2022
3547,3,8,10,11,14,56,18,70200000,11/02/2022
3546,29,36,38,39,42,49,48,66500000,09/02/2022
3545,5,20,35,48,53,56,23,64300000,06/02/2022
3544,10,14,34,37,42,54,1,60400000,04/02/2022
3543,4,5,34,38,46,55,29,56500000,02/02/2022
3542,15,16,40,41,51,52,25,53900000,30/01/2022
3541,21,27,40,44,45,53,37,50500000,28/01/2022
3540,3,18,19,45,49,50,54,47100000,26/01/2022
3539,3,8,19,25,34,51,10,45300000,23/01/2022
3538,1,3,8,17,36,41,44,42200000,21/01/2022
3537,22,27,42,48,53,55,28,38400000,19/01/2022
3536,12,17,18,37,44,50,8,36400000,16/01/2022
3535,6,21,23,26,35,53,44,33300000,14/01/2022
3534,13,22,28,33,34,50,7,31000000,12/01/2022
3533,1,5,14,23,24,54,56,30900000,09/01/2022
3532,2,9,11,17,27,42,25,30800000,07/01/2022
3531,9,11,22,36,47,49,38,30700000,05/01/2022
3530,3,7,13,32,40,41,22,30600000,02/01/2022
3529,1,9,17,18,35,47,13,30500000,31/12/2021
3528,14,15,32,50,53,55,43,30400000,29/12/2021
3527,2,4,35,44,54,56,28,30300000,26/12/2021
3526,1,21,24,26,29,33,22,30200000,24/12/2021
3525,5,17,18,23,29,30,40,30100000,22/12/2021
3524,1,9,26,41,47,53,5,30000000,19/12/2021
3523,8,33,36,37,52,56,38,143200000,17/12/2021
3522,6,27,38,45,53,54,18,138000000,15/12/2021
3521,10,24,34,44,47,53,5,134300000,12/12/2021
3520,6,8,18,32,43,51,17,132400000,10/12/2021
3519,2,33,36,39,44,52,30,128900000,08/12/2021
3518,28,32,34,43,49,55,7,126800000,05/12/2021
3517,5,14,22,34,35,41,43,122700000,03/12/2021
3516,12,20,25,35,41,43,6,119100000,01/12/2021
3515,5,10,17,42,47,54,12,117000000,28/11/2021
3514,18,19,27,47,53,56,51,113700000,26/11/2021
3513,3,10,14,30,45,56,9,111000000,24/11/2021
3512,11,12,21,30,39,41,48,110000000,21/11/2021
3511,4,5,14,18,54,55,15,106700000,17/11/2021
3510,24,33,35,38,49,52,2,102400000,14/11/2021
3509,11,13,18,25,27,56,28,99500000,10/11/2021
3508,1,6,10,14,30,53,54,95400000,07/11/2021
3507,6,9,18,33,35,48,24,92500000,03/11/2021
3506,13,16,19,20,21,32,15,89000000,31/10/2021
3505,11,13,19,31,42,46,6,85900000,27/10/2021
3504,15,22,24,29,31,50,7,82300000,24/10/2021
3503,2,3,6,29,33,44,38,79400000,20/10/2021
3502,17,24,26,32,34,40,37,75400000,17/10/2021
3501,8,17,31,46,47,54,18,72000000,13/10/2021
3500,1,2,17,20,36,56,48,68200000,10/10/2021
3499,1,5,15,32,33,36,47,65300000,06/10/2021
3498,2,24,26,31,48,50,44,61000000,03/10/2021
3497,10,15,31,37,51,56,26,57600000,29/09/2021
3496,2,9,11,36,49,56,27,54100000,26/09/2021
3495,7,8,24,25,37,55,42,51400000,22/09/2021
3494,16,24,37,38,47,52,13,47700000,19/09/2021
3493,5,13,18,22,30,43,56,44700000,15/09/2021
3492,2,4,16,24,31,40,39,41100000,12/09/2021
3491,8,25,32,46,49,56,41,37900000,08/09/2021
3490,20,23,37,39,41,56,46,33500000,05/09/2021
3489,7,14,30,49,51,55,13,30800000,01/09/2021
3488,11,15,34,41,44,50,30,30700000,29/08/2021
3487,5,8,11,20,25,41,14,30600000,25/08/2021
3486,4,7,17,29,31,51,12,30500000,22/08/2021
3485,14,32,33,36,39,40,29,30400000,18/08/2021
3484,15,21,28,35,40,48,27,30300000,15/08/2021
3483,4,6,13,15,17,29,42,30200000,11/08/2021
3482,1,5,31,46,52,56,2,30100000,08/08/2021
3481,1,8,20,29,37,44,25,30000000,04/08/2021
3480,5,12,14,17,41,46,13,119000000,01/08/2021
3479,7,11,13,15,47,51,24,116500000,28/07/2021
3478,6,15,18,20,38,43,27,112900000,25/07/2021
3477,2,7,9,25,32,41,38,110200000,21/07/2021
3476,5,16,23,24,33,47,11,106600000,18/07/2021
3475,1,13,22,32,36,53,54,103300000,14/07/2021
3474,6,22,24,27,41,45,51,99900000,11/07/2021
3473,1,3,13,33,39,51,43,96800000,07/07/2021
3472,12,19,21,24,41,42,3,93100000,04/07/2021
3471,8,16,21,36,48,51,45,89900000,30/06/2021
3470,3,6,32,36,42,45,27,86300000,27/06/2021
3469,23,28,32,34,37,38,55,83100000,23/06/2021
3468,26,32,38,41,55,56,42,79000000,20/06/2021
3467,3,7,14,18,33,44,29,76500000,16/06/2021
3466,10,20,23,24,40,49,44,72600000,13/06/2021
3465,3,22,24,37,39,42,50,69800000,09/06/2021
3464,1,6,12,18,22,33,19,67100000,06/06/2021
3463,1,3,26,48,49,51,45,63800000,02/06/2021
3462,23,24,26,32,35,54,45,59800000,30/05/2021
3461,12,13,28,33,34,51,53,56600000,26/05/2021
3460,29,32,38,39,51,54,53,52000000,23/05/2021
3459,20,22,39,51,52,54,38,48200000,19/05/2021
3458,6,10,29,47,55,56,54,43900000,16/05/2021
3457,8,9,17,32,34,48,27,40800000,12/05/2021
3456,13,21,35,36,44,47,54,38000000,09/05/2021
3455,12,14,24,34,49,50,52,33500000,05/05/2021
3454,19,39,43,49,50,52,17,30700000,02/05/2021
3453,8,21,33,43,44,50,14,30600000,28/04/2021
3452,3,26,29,37,51,54,38,30500000,25/04/2021
3451,7,24,26,49,51,54,25,30400000,21/04/2021
3450,6,13,15,22,40,41,38,30300000,18/04/2021
3449,2,3,5,11,47,48,44,30200000,14/04/2021
3448,4,20,37,43,54,55,21,30100000,11/04/2021
3447,1,5,17,31,42,46,51,30000000,07/04/2021
3446,7,14,38,44,46,49,6,76200000,04/04/2021
3445,26,28,35,40,41,49,52,72200000,31/03/2021
3444,14,23,43,44,45,56,17,69000000,28/03/2021
3443,2,6,10,14,27,45,39,66200000,24/03/2021
3442,12,15,22,34,36,48,54,62200000,21/03/2021
3441,4,10,13,17,28,29,47,59000000,17/03/2021
3440,13,23,27,32,49,52,12,55400000,14/03/2021
3439,1,11,14,23,46,49,34,52300000,10/03/2021
3438,4,7,18,19,20,37,17,49000000,07/03/2021
3437,10,14,15,23,49,52,4,45500000,03/03/2021
3436,15,27,30,38,44,55,41,41300000,28/02/2021
3435,4,22,28,38,49,51,32,37900000,24/02/2021
3434,3,14,19,25,39,50,49,34300000,21/02/2021
3433,1,6,36,42,44,45,19,30900000,17/02/2021
3432,2,5,15,17,44,55,12,30700000,14/02/2021
3431,9,17,18,31,41,54,8,30600000,10/02/2021
3430,6,11,25,38,50,53,47,30500000,07/02/2021
3429,1,6,27,31,37,48,55,30400000,03/02/2021
3428,5,18,25,35,39,48,16,30300000,31/01/2021
3427,15,17,18,28,30,40,3,30200000,27/01/2021
3426,2,4,21,25,33,46,17,30100000,24/01/2021
3425,12,15,25,32,34,50,51,30000000,20/01/2021
3424,24,31,44,47,54,56,50,30500000,17/01/2021
3423,6,10,30,31,34,36,47,30400000,13/01/2021
3422,1,13,42,45,50,53,33,30300000,10/01/2021
3421,18,22,23,33,52,54,11,30200000,06/01/2021
3420,5,9,26,39,40,43,48,30100000,03/01/2021
3419,13,18,22,29,33,50,6,30000000,30/12/2020
3418,1,3,14,26,29,32,51,305700000,27/12/2020
3417,9,16,19,33,46,50,10,301500000,23/12/2020
3416,7,10,37,45,54,55,23,297100000,20/12/2020
3415,22,24,25,31,32,56,38,293200000,16/12/2020
3414,4,17,30,36,42,53,32,288600000,13/12/2020
3413,9,25,27,30,31,41,2,285200000,09/12/2020
3412,5,26,38,48,50,54,13,280800000,06/12/2020
3411,6,17,21,26,41,51,30,277200000,02/12/2020
3410,11,13,25,27,48,53,18,273600000,29/11/2020
3409,9,37,40,42,50,55,45,269800000,25/11/2020
3408,3,8,32,37,39,43,30,265800000,22/11/2020
3407,11,15,28,31,39,50,2,262300000,18/11/2020
3406,1,5,15,18,24,54,50,258700000,15/11/2020
3405,7,16,18,24,46,54,49,255500000,11/11/2020
3404,1,11,20,38,41,43,39,252000000,08/11/2020
3403,1,3,5,53,54,56,42,248100000,04/11/2020
3402,16,18,34,42,47,55,43,244000000,01/11/2020
3401,3,30,42,49,50,51,40,240500000,28/10/2020
3400,3,7,10,28,34,43,20,237700000,25/10/2020
3399,1,5,24,29,30,46,19,234500000,21/10/2020
3398,1,12,14,31,34,56,55,230500000,18/10/2020
3397,5,29,30,34,36,50,37,227100000,14/10/2020
3396,3,8,31,32,52,54,48,223100000,11/10/2020
3395,3,14,16,21,32,54,13,220000000,07/10/2020
3394,4,19,36,39,40,53,52,216000000,04/10/2020
3393,4,15,16,21,35,56,45,214000000,30/09/2020
3392,9,19,22,24,30,34,52,210000000,27/09/2020
3391,37,38,42,48,49,50,26,207000000,23/09/2020
3390,8,14,32,40,43,45,15,203500000,20/09/2020
3389,13,14,19,27,35,54,25,201000000,16/09/2020
3388,1,22,30,36,45,52,49,197000000,13/09/2020
3387,5,11,28,35,38,42,30,194600000,09/09/2020
3386,5,12,21,27,43,49,11,191800000,06/09/2020
3385,11,16,28,38,39,53,18,188500000,02/09/2020
3384,16,26,27,30,41,54,21,184800000,30/08/2020
3383,2,8,11,18,25,56,17,182600000,26/08/2020
3382,9,17,29,52,54,56,49,179500000,23/08/2020
3381,17,21,27,42,50,52,16,176700000,19/08/2020
3380,11,12,23,25,41,44,4,173900000,16/08/2020
3379,8,15,17,35,39,45,13,171400000,12/08/2020
3378,12,23,39,45,54,56,7,168500000,09/08/2020
3377,1,8,19,35,37,43,31,166000000,05/08/2020
3376,17,18,24,34,41,50,37,163000000,02/08/2020
3375,9,17,43,46,48,53,12,161000000,29/07/2020
3374,5,21,23,41,43,56,33,160900000,26/07/2020
3373,13,19,24,39,40,46,21,160800000,01/04/2020
3372,12,15,16,18,39,47,36,157000000,29/03/2020
3371,11,19,24,26,33,56,50,154900000,25/03/2020
3370,5,6,10,15,28,52,39,152500000,22/03/2020
3369,3,11,14,18,38,47,52,149700000,18/03/2020
3368,3,6,12,21,43,51,24,146300000,15/03/2020
3367,3,6,9,16,25,42,29,143800000,11/03/2020
3366,15,22,35,44,50,53,3,139700000,08/03/2020
3365,6,7,31,33,42,52,21,136400000,04/03/2020
3364,10,12,20,29,46,47,27,132000000,01/03/2020
3363,9,19,39,46,49,56,7,128600000,26/02/2020
3362,14,28,40,42,43,45,23,124300000,23/02/2020
3361,13,14,17,35,39,54,45,121100000,19/02/2020
3360,15,23,43,44,50,55,4,116900000,16/02/2020
3359,11,12,18,29,33,50,53,113800000,12/02/2020
3358,6,13,16,40,41,53,45,109700000,09/02/2020
3357,10,11,23,28,32,34,21,106600000,05/02/2020
3356,19,21,26,50,55,56,17,101900000,02/02/2020
3355,6,21,23,25,28,48,22,98800000,29/01/2020
3354,1,6,31,32,43,47,39,94500000,26/01/2020
3353,2,5,15,34,45,46,30,91000000,22/01/2020
3352,13,20,21,24,32,50,35,87400000,19/01/2020
3351,2,29,31,36,44,50,54,83500000,15/01/2020
3350,15,16,19,25,50,54,29,79500000,12/01/2020
3349,9,11,14,20,24,44,30,76100000,08/01/2020
3348,12,13,15,34,36,47,28,72200000,05/01/2020
3347,12,28,32,40,45,52,46,68800000,01/01/2020
3346,5,23,24,33,48,50,1,64700000,29/12/2019
3345,5,10,11,17,39,48,35,62900000,25/12/2019
3344,3,17,21,36,37,40,53,59000000,22/12/2019
3343,11,20,27,50,54,55,24,55300000,18/12/2019
3342,2,8,27,32,38,49,9,51200000,15/12/2019
3341,15,18,21,29,33,41,43,48000000,11/12/2019
3340,11,13,31,32,33,40,5,44500000,08/12/2019
3339,10,21,25,29,43,52,30,41000000,04/12/2019
3338,1,3,4,9,20,55,53,37500000,01/12/2019
3337,3,4,36,43,50,51,13,34000000,27/11/2019
3336,8,11,23,25,28,29,37,30900000,24/11/2019
3335,31,32,33,36,39,44,56,30700000,20/11/2019
3334,6,24,31,37,39,54,42,30600000,17/11/2019
3333,15,18,23,26,32,34,3,30500000,13/11/2019
3332,9,13,21,50,51,53,26,30400000,10/11/2019
3331,9,13,39,44,48,52,23,30300000,06/11/2019
3330,8,16,20,28,33,36,46,30200000,03/11/2019
3329,17,19,33,38,54,55,6,30100000,30/10/2019
3328,2,11,24,42,51,54,16,30000000,27/10/2019
3327,10,15,17,31,45,51,9,40000000,23/10/2019
3326,7,16,17,39,46,56,9,36500000,20/10/2019
3325,1,10,20,25,44,46,52,32900000,16/10/2019
3324,11,33,37,38,41,46,7,30700000,13/10/2019
3323,7,12,25,35,44,45,43,30600000,09/10/2019
3322,7,34,37,41,44,56,52,30500000,06/10/2019
3321,11,15,29,39,40,50,41,30400000,02/10/2019
3320,1,4,15,24,34,52,38,30300000,29/09/2019
3319,3,12,18,24,43,50,30,30200000,25/09/2019
3318,13,15,23,42,49,51,5,30100000,22/09/2019
3317,2,9,13,16,27,38,37,30000000,18/09/2019
3316,12,29,41,49,52,55,46,30500000,15/09/2019
3315,1,10,20,37,53,56,22,30400000,11/09/2019
3314,4,29,30,41,43,49,47,30300000,08/09/2019
3313,1,3,5,26,37,52,15,30200000,04/09/2019
3312,31,35,39,41,50,51,26,30100000,01/09/2019
3311,4,15,22,28,40,48,16,30000000,28/08/2019
3310,25,28,29,43,47,49,52,63400000,25/08/2019
3309,20,25,29,34,44,54,18,59600000,21/08/2019
3308,6,10,17,21,30,39,16,55700000,18/08/2019
3307,2,18,23,24,32,54,40,52400000,14/08/2019
3306,2,8,24,29,41,46,26,48600000,11/08/2019
3305,10,28,32,35,44,48,14,45000000,07/08/2019
3304,4,5,14,23,26,47,2,41300000,04/08/2019
3303,1,16,30,31,34,43,18,37700000,31/07/2019
3302,4,6,22,39,46,53,41,33800000,28/07/2019
3301,1,11,26,31,52,55,50,30700000,24/07/2019
3300,9,19,26,41,51,52,8,30600000,21/07/2019
3299,8,27,31,37,43,45,24,30500000,17/07/2019
3298,11,19,34,36,43,56,53,30400000,14/07/2019
3297,6,16,30,36,43,56,45,30300000,10/07/2019
3296,4,31,33,34,50,54,23,30200000,07/07/2019
3295,18,20,29,44,46,52,37,30100000,03/07/2019
3294,6,12,29,37,51,53,48,30000000,30/06/2019
3293,3,5,9,42,44,48,26,113200000,26/06/2019
3292,9,12,28,47,51,53,40,109300000,23/06/2019
3291,21,24,32,36,41,49,3,105700000,19/06/2019
3290,11,18,33,41,53,54,6,101600000,16/06/2019
3289,14,16,24,30,33,39,48,98000000,12/06/2019
3288,5,7,8,17,21,23,22,95600000,09/06/2019
3287,7,22,43,45,47,55,33,92000000,05/06/2019
3286,8,14,20,25,34,46,42,87800000,02/06/2019
3285,3,20,32,35,42,52,1,84000000,29/05/2019
3284,3,6,20,23,34,46,42,80600000,26/05/2019
3283,2,10,25,32,41,52,45,77300000,22/05/2019
3282,1,19,33,47,50,54,27,72900000,19/05/2019
3281,15,17,19,22,35,37,28,69700000,15/05/2019
3280,1,10,17,20,34,45,19,66000000,12/05/2019
3279,6,7,11,29,33,39,51,63300000,08/05/2019
3278,13,15,24,45,47,55,28,59200000,05/05/2019
3277,5,7,18,24,49,52,26,56300000,01/05/2019
3276,1,2,22,23,28,52,37,52400000,28/04/2019
3275,3,7,13,47,53,55,51,49500000,24/04/2019
3274,5,20,23,26,32,46,34,46300000,21/04/2019
3273,3,6,9,36,47,55,34,43300000,17/04/2019
3272,4,5,11,15,25,47,37,40300000,14/04/2019
3271,5,24,28,34,36,43,53,37300000,10/04/2019
3270,16,21,32,34,38,46,36,33400000,07/04/2019
3269,5,31,32,34,41,45,40,30600000,03/04/2019
3268,10,27,32,38,45,56,13,30500000,31/03/2019
3267,22,34,37,39,40,48,46,30400000,27/03/2019
3266,5,6,14,23,40,45,10,30300000,24/03/2019
3265,11,13,34,36,39,51,8,30200000,20/03/2019
3264,3,18,22,27,29,46,42,30100000,17/03/2019
3263,3,8,18,24,36,54,2,30000000,13/03/2019
3262,1,6,15,26,45,54,27,76000000,10/03/2019
3261,9,13,17,30,32,35,26,72300000,06/03/2019
3260,9,12,16,25,30,45,49,68000000,03/03/2019
3259,21,25,27,31,38,44,34,64400000,27/02/2019
3258,5,16,18,26,35,41,20,60000000,24/02/2019
3257,7,9,10,13,19,21,46,57800000,20/02/2019
3256,6,11,23,34,35,54,25,53500000,17/02/2019
3255,11,20,22,37,41,47,29,49700000,13/02/2019
3254,3,10,34,38,39,43,28,45000000,10/02/2019
3253,2,3,17,23,30,44,49,41600000,06/02/2019
3252,7,11,14,33,40,46,51,37700000,03/02/2019
3251,7,13,17,22,23,47,40,34900000,30/01/2019
3250,3,6,8,15,42,45,49,30900000,27/01/2019
3249,11,20,36,43,44,52,39,30600000,23/01/2019
3248,5,13,17,19,28,53,46,30500000,20/01/2019
3247,1,7,10,18,25,28,16,30400000,16/01/2019
3246,17,19,25,27,53,54,23,30300000,13/01/2019
3245,2,10,15,38,50,52,53,30200000,09/01/2019
3244,3,12,17,31,46,51,13,30100000,06/01/2019
3243,4,8,11,16,28,40,50,30000000,02/01/2019
3242,1,3,4,8,12,30,27,30000000,30/12/2018
3241,3,9,25,30,38,40,2,35900000,26/12/2018
3240,8,13,14,38,43,56,9,31500000,23/12/2018
3239,14,19,21,24,31,49,50,30600000,19/12/2018
3238,6,11,12,41,50,52,47,30500000,16/12/2018
3237,4,13,21,25,47,53,16,30400000,12/12/2018
3236,16,22,35,36,39,50,6,30300000,09/12/2018
3235,8,11,25,30,36,37,14,30200000,05/12/2018
3234,9,21,27,34,49,52,4,30100000,02/12/2018
3233,2,4,10,12,21,28,29,30000000,28/11/2018
3232,3,9,32,33,40,56,8,30400000,25/11/2018
3231,6,10,31,35,36,45,41,30300000,21/11/2018
3230,22,28,33,35,50,51,13,30200000,18/11/2018
3229,2,14,19,39,43,45,52,30100000,14/11/2018
3228,10,16,23,52,54,56,36,30000000,11/11/2018
3227,1,7,13,14,19,20,49,168300000,07/11/2018
3226,16,19,29,34,40,45,28,163500000,04/11/2018
3225,1,7,9,18,32,55,12,160500000,31/10/2018
3224,1,2,32,33,45,56,42,155700000,28/10/2018
3223,25,33,46,49,51,54,34,151800000,24/10/2018
3222,3,7,29,30,39,51,23,147700000,21/10/2018
3221,1,18,19,20,34,53,15,144000000,17/10/2018
3220,10,21,31,39,40,42,26,139500000,14/10/2018
3219,12,21,24,34,37,55,50,135900000,10/10/2018
3218,22,23,24,29,36,40,20,131600000,07/10/2018
3217,6,11,41,48,50,52,25,127500000,03/10/2018
3216,20,23,31,40,43,54,46,122600000,30/09/2018
3215,7,12,35,40,41,50,34,119000000,26/09/2018
3214,16,27,29,34,50,56,33,115000000,23/09/2018
3213,24,29,34,36,37,46,55,111500000,19/09/2018
3212,9,16,22,43,49,53,51,107800000,16/09/2018
3211,15,16,26,33,41,56,32,104300000,12/09/2018
3210,19,23,28,34,40,52,26,100000000,09/09/2018
3209,17,20,22,25,43,55,7,96700000,05/09/2018
3208,11,12,17,31,40,55,56,92500000,02/09/2018
3207,2,9,31,40,42,50,4,88800000,29/08/2018
3206,7,9,13,31,51,54,27,85700000,26/08/2018
3205,5,17,33,36,38,43,44,82600000,22/08/2018
3204,1,12,27,48,49,56,7,78300000,19/08/2018
3203,1,2,29,35,43,47,3,74900000,15/08/2018
3202,8,10,13,22,26,30,49,71700000,12/08/2018
3201,3,14,16,23,40,45,47,68500000,08/08/2018
3200,13,15,37,39,50,52,34,64500000,05/08/2018
3199,19,35,36,38,43,53,55,60000000,01/08/2018
3198,25,39,43,44,45,53,26,56000000,29/07/2018
3197,15,21,38,40,46,50,5,52800000,25/07/2018
3196,24,28,29,44,51,53,39,48700000,22/07/2018
3195,1,9,15,34,44,52,5,45500000,18/07/2018
3194,2,7,12,19,29,40,45,42000000,15/07/2018
3193,18,27,35,41,45,49,47,39000000,11/07/2018
3192,8,21,33,41,48,51,30,35000000,08/07/2018
3191,7,21,26,37,48,52,30,31900000,04/07/2018
3190,11,15,20,36,39,45,27,30700000,01/07/2018
3189,22,27,33,37,43,52,54,30600000,27/06/2018
3188,13,30,31,33,46,50,26,30500000,24/06/2018
3187,11,16,19,22,26,32,1,30400000,20/06/2018
3186,4,14,19,30,44,50,15,30300000,17/06/2018
3185,6,9,11,21,32,56,26,30200000,13/06/2018
3184,5,14,15,47,48,54,12,30100000,10/06/2018
3183,9,11,17,30,34,45,36,30000000,06/06/2018
3182,5,8,16,20,44,45,34,126200000,03/06/2018
3181,7,8,29,37,43,50,42,122700000,30/05/2018
3180,7,28,31,33,36,42,24,119200000,27/05/2018
3179,7,13,22,29,33,51,19,116500000,23/05/2018
3178,20,36,45,46,47,56,9,112100000,20/05/2018
3177,2,9,10,24,38,53,33,108500000,16/05/2018
3176,3,21,42,51,54,56,22,104500000,13/05/2018
3175,7,11,47,53,55,56,40,100900000,09/05/2018
3174,7,10,43,48,51,56,32,96800000,06/05/2018
3173,1,3,14,21,37,54,29,93800000,02/05/2018
3172,2,10,34,42,53,54,28,89500000,29/04/2018
3171,14,16,18,20,38,54,2,86200000,25/04/2018
3170,6,18,23,32,52,56,45,82700000,22/04/2018
3169,13,18,21,22,27,54,49,79700000,18/04/2018
3168,9,14,18,33,42,48,38,75900000,15/04/2018
3167,1,9,23,25,26,35,29,72900000,11/04/2018
3166,25,27,34,35,47,48,26,68800000,08/04/2018
3165,7,9,10,19,28,36,34,65900000,04/04/2018
3164,16,19,28,44,45,54,40,63000000,01/04/2018
3163,4,7,16,32,42,55,28,60000000,28/03/2018
3162,1,17,32,46,47,54,18,55900000,25/03/2018
3161,5,25,26,40,44,54,18,52700000,21/03/2018
3160,18,22,25,36,37,50,49,49000000,18/03/2018
3159,2,18,30,33,34,50,48,45700000,14/03/2018
3158,10,26,30,42,45,49,47,41700000,11/03/2018
3157,14,17,23,25,47,51,6,38500000,07/03/2018
3156,5,16,21,28,41,52,42,34800000,04/03/2018
3155,3,4,26,27,32,38,28,31800000,28/02/2018
3154,6,8,23,24,28,31,34,30600000,25/02/2018
3153,9,12,19,24,48,56,27,30600000,21/02/2018
3152,19,36,38,41,48,53,54,30500000,18/02/2018
3151,2,26,51,52,53,56,7,30400000,14/02/2018
3150,21,34,40,44,48,52,16,30300000,11/02/2018
3149,4,23,26,34,49,54,13,30200000,07/02/2018
3148,1,23,32,34,39,52,8,30100000,04/02/2018
3147,7,15,23,34,37,45,43,30000000,31/01/2018
3146,4,10,31,39,51,52,8,39500000,28/01/2018
3145,6,10,13,25,29,45,3,37000000,24/01/2018
3144,9,17,18,25,28,47,6,34000000,21/01/2018
3143,11,19,27,28,32,54,45,31000000,17/01/2018
3142,7,22,31,35,51,55,10,30700000,14/01/2018
3141,1,15,17,25,32,37,29,30600000,10/01/2018
3140,10,14,19,32,34,48,24,30500000,07/01/2018
3139,24,34,35,36,45,54,25,30400000,03/01/2018
3138,2,10,13,16,18,38,4,30300000,31/12/2017
3137,4,16,37,38,44,46,52,30200000,27/12/2017
3136,2,8,12,23,30,55,33,30100000,24/12/2017
3135,4,5,10,19,29,37,22,30000000,20/12/2017
3134,19,28,32,47,52,55,40,31900000,17/12/2017
3133,7,25,33,35,47,49,13,30800000,13/12/2017
3132,11,17,20,21,28,55,45,30700000,10/12/2017
3131,27,32,34,35,48,55,36,30600000,06/12/2017
3130,19,27,28,29,32,50,56,30500000,03/12/2017
3129,21,22,38,42,43,47,10,30400000,29/11/2017
3128,7,23,25,27,31,32,5,30300000,26/11/2017
3127,13,19,25,33,40,46,36,30200000,22/11/2017
3126,5,8,12,16,25,51,36,30100000,19/11/2017
3125,4,6,10,17,20,29,7,30000000,15/11/2017
3124,9,12,13,14,15,53,6,174400000,12/11/2017
3123,1,11,17,19,23,31,48,171500000,08/11/2017
3122,16,21,24,36,47,53,42,167500000,05/11/2017
3121,2,29,30,36,39,44,12,164900000,01/11/2017
3120,3,28,38,43,46,54,9,160700000,29/10/2017
3119,2,17,30,33,42,55,39,157500000,25/10/2017
3118,12,15,25,39,43,51,18,154000000,22/10/2017
3117,6,8,26,32,37,42,50,151000000,18/10/2017
3116,1,5,6,10,13,44,52,148000000,15/10/2017
3115,3,22,23,42,48,50,20,145000000,11/10/2017
3114,8,16,32,40,46,55,52,141000000,08/10/2017
3113,14,17,26,38,39,50,27,137000000,04/10/2017
3112,4,16,29,36,47,54,1,133000000,01/10/2017
3111,3,10,14,23,47,51,25,130000000,27/09/2017
3110,10,17,22,39,46,49,7,127000000,24/09/2017
3109,4,5,11,40,52,54,43,125000000,20/09/2017
3108,18,20,37,40,54,56,44,121000000,17/09/2017
3107,4,6,19,21,43,54,16,118000000,13/09/2017
3106,2,6,24,34,43,45,26,114500000,10/09/2017
3105,26,29,41,48,49,50,33,111000000,06/09/2017
3104,2,3,19,38,40,47,39,107000000,03/09/2017
3103,1,5,11,21,27,46,26,104000000,30/08/2017
3102,12,25,31,35,44,46,48,100000000,27/08/2017
3101,4,12,15,30,40,45,2,97500000,23/08/2017
3100,7,12,20,21,28,31,42,95000000,20/08/2017
3099,21,33,34,42,48,51,17,91500000,16/08/2017
3098,8,25,27,29,31,43,56,88000000,13/08/2017
3097,2,3,37,40,42,52,16,85500000,09/08/2017
3096,2,5,6,19,42,47,34,82000000,06/08/2017
3095,13,16,17,19,49,50,47,78500000,02/08/2017
3094,9,13,36,47,48,54,14,75000000,30/07/2017
3093,14,18,22,30,37,49,28,72000000,26/07/2017
3092,1,7,24,34,40,46,38,69000000,23/07/2017
3091,1,5,14,22,35,55,40,66500000,19/07/2017
3090,17,18,23,38,42,46,36,63000000,16/07/2017
3089,6,8,28,36,38,42,25,60000000,12/07/2017
3088,5,11,12,26,31,46,56,57000000,09/07/2017
3087,2,8,23,45,46,54,18,53800000,05/07/2017
3086,6,9,20,32,36,38,45,50500000,02/07/2017
3085,2,18,19,20,26,55,33,47900000,28/06/2017
3084,4,20,27,32,51,56,38,44500000,25/06/2017
3083,2,19,20,26,32,56,46,41400000,21/06/2017
3082,15,21,28,53,54,56,30,38000000,18/06/2017
3081,15,17,19,25,55,56,11,35000000,14/06/2017
3080,13,20,41,43,44,52,14,31500000,11/06/2017
3079,5,11,29,30,33,53,32,30800000,07/06/2017
3078,4,20,33,35,43,53,45,30700000,04/06/2017
3077,1,3,18,26,35,38,37,30600000,31/05/2017
3076,12,16,20,35,38,56,30,30500000,28/05/2017
3075,2,12,23,42,52,53,19,30400000,24/05/2017
3074,1,19,24,26,49,56,22,30300000,21/05/2017
3073,3,23,28,32,40,49,14,30200000,17/05/2017
3072,6,10,38,42,47,51,1,30100000,14/05/2017
3071,2,22,23,40,45,47,25,30000000,10/05/2017
3070,5,8,10,35,36,49,14,42000000,07/05/2017
3069,37,42,48,50,51,52,46,38500000,03/05/2017
3068,3,4,10,24,48,54,2,35200000,30/04/2017
3067,2,6,24,31,51,52,27,32600000,26/04/2017
3066,2,9,12,13,23,33,5,30900000,23/04/2017
3065,13,14,18,29,49,53,44,30800000,19/04/2017
3064,6,18,20,37,39,51,17,30700000,16/04/2017
3063,16,32,36,37,41,56,5,30600000,12/04/2017
3062,10,13,16,23,36,50,14,30500000,09/04/2017
3061,7,17,24,31,41,46,18,30400000,05/04/2017
3060,8,25,29,40,44,55,46,30300000,02/04/2017
3059,10,20,23,25,26,55,29,30200000,29/03/2017
3058,8,10,11,12,26,39,45,30100000,26/03/2017
3057,8,15,19,29,45,49,17,30000000,22/03/2017
3056,4,6,11,19,27,40,24,110700000,19/03/2017
3055,11,12,20,36,48,56,6,108000000,15/03/2017
3054,27,30,33,34,42,44,50,104000000,12/03/2017
3053,1,6,25,43,51,54,48,101200000,08/03/2017
3052,1,11,13,40,52,55,7,97200000,05/03/2017
3051,1,10,45,48,52,55,28,93800000,01/03/2017
3050,18,28,34,36,40,52,21,90000000,26/02/2017
3049,4,5,20,30,44,55,21,87000000,22/02/2017
3048,19,24,30,37,41,46,33,83000000,19/02/2017
3047,2,3,11,21,41,46,37,80000000,15/02/2017
3046,16,21,24,29,47,52,9,76500000,12/02/2017
3045,18,28,37,40,44,56,38,73000000,08/02/2017
3044,1,8,30,37,42,54,4,69300000,05/02/2017
3043,6,9,13,21,35,39,10,66000000,01/02/2017
3042,5,19,26,42,51,54,8,63000000,29/01/2017
3041,12,20,22,25,46,48,50,60000000,25/01/2017
3040,10,13,33,43,52,56,12,56000000,22/01/2017
3039,21,29,30,36,40,48,56,52500000,18/01/2017
3038,1,9,31,36,48,55,49,49000000,15/01/2017
3037,18,29,30,41,53,54,24,45000000,11/01/2017
3036,15,16,40,42,50,51,1,40300000,08/01/2017
3035,3,9,21,23,24,25,36,38500000,04/01/2017
3034,42,43,45,49,51,56,6,34000000,01/01/2017
3033,14,19,27,33,40,45,54,30800000,28/12/2016
3032,10,15,16,20,33,47,37,30700000,25/12/2016
3031,9,12,23,33,46,54,17,30600000,21/12/2016
3030,9,21,24,28,34,56,11,30500000,18/12/2016
3029,9,15,18,25,42,52,2,30400000,14/12/2016
3028,2,13,25,26,33,35,32,30300000,11/12/2016
3027,10,25,33,34,43,50,47,30200000,07/12/2016
3026,2,9,21,27,40,43,44,30100000,04/12/2016
3025,12,20,27,31,42,50,29,30000000,30/11/2016
3024,6,7,14,22,44,45,38,384000000,27/11/2016
3023,35,38,43,45,49,54,46,379000000,23/11/2016
3022,2,7,35,40,45,55,12,374000000,20/11/2016
3021,6,25,28,34,39,52,7,370000000,16/11/2016
3020,2,8,14,22,48,52,26,365500000,13/11/2016
3019,16,19,31,35,38,45,9,361000000,09/11/2016
3018,2,19,20,21,33,45,30,356000000,06/11/2016
3017,8,11,30,37,49,56,51,352000000,02/11/2016
3016,10,13,31,47,50,55,40,347000000,30/10/2016
3015,28,32,35,37,46,56,6,342000000,26/10/2016
3014,2,10,13,29,35,48,8,337000000,23/10/2016
3013,3,18,28,44,51,53,25,333000000,19/10/2016
3012,11,16,19,25,28,50,6,329000000,16/10/2016
3011,4,11,23,28,29,48,6,325000000,12/10/2016
3010,4,8,18,25,32,38,55,320000000,09/10/2016
3009,2,5,18,22,25,40,1,316500000,05/10/2016
3008,8,17,19,26,33,37,41,312500000,02/10/2016
3007,5,12,25,29,34,48,42,309000000,28/09/2016
3006,1,5,15,26,40,46,14,304000000,25/09/2016
3005,4,24,28,46,50,56,16,300000000,21/09/2016
3004,21,27,44,47,52,54,16,295000000,18/09/2016
3003,2,9,18,21,29,53,7,292000000,14/09/2016
3002,7,15,38,39,42,52,9,287000000,11/09/2016
3001,29,31,38,39,46,54,48,283000000,07/09/2016
3000,16,32,37,39,48,55,17,277000000,04/09/2016
2999,5,15,16,21,47,48,23,273400000,31/08/2016
2998,3,15,32,38,40,53,24,269000000,28/08/2016
2997,22,24,27,28,29,47,51,265000000,24/08/2016
2996,27,34,40,45,52,54,3,259900000,21/08/2016
2995,7,18,19,31,35,54,46,256000000,17/08/2016
2994,10,11,18,33,43,48,40,251000000,14/08/2016
2993,21,24,30,31,43,45,10,247500000,10/08/2016
2992,18,19,25,30,33,35,43,242500000,07/08/2016
2991,10,18,39,44,45,55,40,238000000,03/08/2016
2990,7,13,19,33,44,48,53,234000000,31/07/2016
2989,24,30,33,41,43,44,28,230000000,27/07/2016
2988,3,12,22,33,39,49,40,226000000,24/07/2016
2987,4,12,29,43,46,53,9,222000000,20/07/2016
2986,5,10,14,15,36,56,53,218000000,17/07/2016
2985,10,16,21,26,39,51,56,213000000,13/07/2016
2984,2,16,24,25,30,45,51,209000000,10/07/2016
2983,4,21,24,36,41,47,9,205000000,06/07/2016
2982,11,23,43,47,48,54,49,200500000,03/07/2016
2981,10,15,17,18,35,50,30,196500000,29/06/2016
2980,15,24,25,29,46,54,21,192000000,26/06/2016
2979,9,14,30,32,45,56,12,188000000,22/06/2016
2978,2,15,25,30,39,50,31,183500000,19/06/2016
2977,6,15,17,29,31,56,51,180000000,15/06/2016
2976,5,8,15,43,44,52,56,176000000,12/06/2016
2975,2,14,21,28,38,39,42,172000000,08/06/2016
2974,9,16,19,24,32,53,47,167400000,05/06/2016
2973,7,13,17,24,32,56,12,164000000,01/06/2016
2972,8,21,22,31,33,56,19,160700000,29/05/2016
2971,3,4,7,30,45,55,42,157500000,25/05/2016
2970,1,9,29,32,45,47,17,153000000,22/05/2016
2969,12,28,30,38,39,44,37,149400000,18/05/2016
2968,5,6,14,15,35,48,55,145400000,15/05/2016
2967,6,7,15,17,51,52,40,142000000,11/05/2016
2966,4,21,23,33,52,55,29,137000000,08/05/2016
2965,2,3,4,5,25,40,43,133700000,04/05/2016
2964,2,21,23,31,36,52,34,129800000,01/05/2016
2963,24,29,31,35,46,55,19,125900000,27/04/2016
2962,22,26,41,42,44,54,34,121000000,24/04/2016
2961,5,30,36,37,44,51,29,117500000,20/04/2016
2960,3,4,15,19,22,38,42,113000000,17/04/2016
2959,2,8,9,15,31,36,10,110400000,13/04/2016
2958,3,12,14,29,32,44,53,107000000,10/04/2016
2957,1,4,15,20,21,54,49,103000000,06/04/2016
2956,37,40,45,50,51,54,23,98000000,03/04/2016
2955,15,21,28,47,49,55,31,95000000,30/03/2016
2954,1,6,19,31,49,54,55,90000000,27/03/2016
2953,24,31,38,40,52,53,34,86000000,23/03/2016
2952,21,27,34,44,55,56,53,82000000,20/03/2016
2951,17,25,35,39,42,54,36,78500000,16/03/2016
2950,11,17,22,34,36,46,3,74600000,13/03/2016
2949,11,26,32,42,43,56,29,71000000,09/03/2016
2948,1,12,13,16,45,48,5,67000000,06/03/2016
2947,1,2,12,17,21,27,48,64000000,02/03/2016
2946,5,6,8,38,50,51,44,59000000,28/02/2016
2945,13,16,23,26,34,37,25,56000000,24/02/2016
2944,3,5,19,20,27,54,1,52000000,21/02/2016
2943,10,13,16,23,26,50,43,48500000,17/02/2016
2942,6,27,31,42,45,52,9,44000000,14/02/2016
2941,10,24,27,38,40,48,54,40000000,10/02/2016
2940,18,24,47,48,50,56,8,35000000,07/02/2016
2939,5,14,19,33,46,49,22,34000000,03/02/2016
2938,13,18,20,29,40,56,23,33500000,31/01/2016
2937,31,45,46,50,51,52,54,33000000,27/01/2016
2936,7,11,14,45,47,54,12,32500000,24/01/2016
2935,3,4,18,31,41,43,9,31500000,20/01/2016
2934,14,35,42,43,49,50,31,31000000,17/01/2016
2933,5,21,37,40,46,56,31,30000000,13/01/2016
2932,14,17,18,39,43,53,1,124000000,10/01/2016
2931,12,30,42,43,49,53,45,119000000,06/01/2016
2930,1,9,12,16,24,47,46,115000000,03/01/2016
2929,2,6,20,30,33,37,49,110000000,30/12/2015
2928,3,6,18,32,46,54,25,107500000,27/12/2015
2927,4,11,29,38,40,46,2,102500000,23/12/2015
2926,9,14,18,28,40,45,50,98000000,20/12/2015
2925,3,26,35,38,50,55,20,93000000,16/12/2015
2924,11,20,29,32,37,40,56,88000000,13/12/2015
2923,2,3,4,21,25,39,32,85000000,09/12/2015
2922,1,12,19,21,40,44,17,80000000,06/12/2015
2921,4,13,21,40,46,47,48,76000000,02/12/2015
2920,1,7,33,35,48,52,44,71500000,29/11/2015
2919,9,27,36,38,41,52,23,68000000,25/11/2015
2918,4,12,16,18,46,52,31,64000000,22/11/2015
2917,17,22,48,49,50,53,37,59500000,18/11/2015
2916,3,10,12,18,33,46,31,55500000,15/11/2015
2915,7,12,29,34,35,39,1,52000000,11/11/2015
2914,3,12,16,25,32,35,22,48000000,08/11/2015
2913,3,6,12,30,48,55,24,44500000,04/11/2015
2912,8,17,20,28,29,55,3,40000000,01/11/2015
2911,4,8,24,37,43,51,5,38000000,28/10/2015
2910,4,7,21,25,48,49,1,37000000,25/10/2015
2909,3,4,7,30,45,52,6,36000000,21/10/2015
2908,5,13,23,33,44,56,53,35000000,18/10/2015
2907,1,15,17,25,37,45,9,34000000,14/10/2015
2906,5,15,28,37,46,49,8,33000000,11/10/2015
2905,4,27,41,45,48,54,51,32000000,07/10/2015
2904,3,15,20,36,40,56,35,31000000,04/10/2015
2903,7,20,23,24,27,42,16,30000000,30/09/2015
2902,5,16,25,27,35,45,42,546000000,27/09/2015
2901,2,8,9,25,46,52,53,541000000,23/09/2015
2900,2,13,18,20,21,52,46,535000000,20/09/2015
2899,13,18,30,33,36,51,37,530500000,16/09/2015
2898,10,18,25,33,38,49,1,524500000,13/09/2015
2897,4,8,24,25,26,37,27,521000000,09/09/2015
2896,9,10,15,41,46,49,43,515000000,06/09/2015
2895,16,19,30,38,40,49,6,509000000,02/09/2015
2894,12,13,16,26,30,49,45,503500000,30/08/2015
2893,2,22,28,32,33,51,9,498500000,26/08/2015
2892,1,3,5,24,42,46,26,493000000,23/08/2015
2891,15,22,27,28,30,31,50,488500000,19/08/2015
2890,8,16,17,26,31,37,12,483500000,16/08/2015
2889,3,16,20,28,40,55,54,478500000,12/08/2015
2888,13,14,23,35,37,40,28,473000000,09/08/2015
2887,23,25,29,33,46,49,40,468000000,05/08/2015
2886,5,13,19,29,30,56,21,462500000,02/08/2015
2885,1,11,20,27,39,41,45,458000000,29/07/2015
2884,2,16,30,35,51,53,17,452500000,26/07/2015
2883,11,12,17,32,36,54,51,448000000,22/07/2015
2882,1,15,26,30,49,52,10,442500000,19/07/2015
2881,19,22,41,48,51,55,39,437000000,15/07/2015
2880,12,16,30,32,37,49,5,432000000,12/07/2015
2879,6,9,27,32,37,44,17,428000000,08/07/2015
2878,1,5,10,17,34,40,9,423000000,05/07/2015
2877,1,17,20,29,35,51,49,418000000,01/07/2015
2876,3,16,28,30,40,54,32,412500000,28/06/2015
2875,2,4,16,38,50,52,54,408000000,24/06/2015
2874,3,6,23,25,34,35,15,404000000,21/06/2015
2873,1,4,11,17,44,52,42,400000000,17/06/2015
2872,4,10,12,22,32,51,29,394500000,14/06/2015
2871,16,24,32,36,51,52,19,390000000,10/06/2015
2870,14,33,42,45,51,55,50,384500000,07/06/2015
2869,2,20,31,35,48,53,18,379000000,03/06/2015
2868,1,10,11,33,37,47,16,374000000,31/05/2015
2867,3,26,27,38,44,56,50,370000000,27/05/2015
2866,7,8,23,34,47,52,37,364500000,24/05/2015
2865,3,4,17,19,21,49,1,361000000,20/05/2015
2864,7,23,25,29,33,50,28,357000000,17/05/2015
2863,21,25,27,36,47,54,34,353000000,13/05/2015
2862,11,12,18,40,53,56,43,348000000,10/05/2015
2861,5,7,29,36,38,41,46,344000000,06/05/2015
2860,9,14,22,35,37,47,46,339000000,03/05/2015
2859,24,29,42,44,52,53,10,334500000,29/04/2015
2858,10,28,33,37,46,52,23,329500000,26/04/2015
2857,2,11,16,24,31,37,21,325500000,22/04/2015
2856,6,15,20,24,37,51,16,320500000,19/04/2015
2855,4,8,10,18,46,56,29,316000000,15/04/2015
2854,7,18,23,31,35,36,32,311000000,12/04/2015
2853,4,10,40,42,45,46,30,306000000,08/04/2015
2852,5,6,14,15,31,46,32,302000000,05/04/2015
2851,24,25,26,32,39,47,19,297000000,01/04/2015
2850,3,7,17,38,39,50,51,293500000,29/03/2015
2849,3,31,39,43,44,50,19,289000000,25/03/2015
2848,22,33,40,41,42,48,23,283500000,22/03/2015
2847,8,34,43,49,54,55,27,279000000,18/03/2015
2846,9,18,28,29,41,50,32,274000000,15/03/2015
2845,8,11,22,23,38,41,49,270500000,11/03/2015
2844,11,17,19,24,43,49,15,265500000,08/03/2015
2843,17,22,24,31,43,50,12,261500000,04/03/2015
2842,4,5,25,35,48,53,22,256000000,01/03/2015
2841,6,8,29,47,48,50,22,252000000,25/02/2015
2840,4,25,31,44,49,56,21,247000000,22/02/2015
2839,3,10,19,34,44,54,2,242500000,18/02/2015
2838,8,9,11,20,22,40,48,238000000,15/02/2015
2837,3,6,25,45,46,48,43,233500000,11/02/2015
2836,3,6,11,24,31,51,47,229000000,08/02/2015
2835,1,2,13,27,29,34,42,225000000,04/02/2015
2834,6,17,27,32,34,40,20,220000000,01/02/2015
2833,1,10,12,32,36,48,20,216000000,28/01/2015
2832,24,27,40,41,54,55,26,211000000,25/01/2015
2831,3,6,14,28,30,39,31,207000000,21/01/2015
2830,5,12,22,41,44,47,26,203000000,18/01/2015
2829,1,15,26,40,45,46,28,198000000,14/01/2015
2828,4,15,18,30,38,49,53,193000000,11/01/2015
2827,1,5,17,25,35,55,43,189500000,07/01/2015
2826,9,14,35,46,49,55,11,184000000,04/01/2015
2825,8,17,20,38,54,56,2,179000000,31/12/2014
2824,8,17,19,36,37,41,55,174000000,28/12/2014
2823,11,21,33,43,54,55,38,169000000,24/12/2014
2822,12,22,36,43,46,52,35,165000000,21/12/2014
2821,9,13,29,33,39,51,37,162500000,17/12/2014
2820,6,16,21,32,43,56,9,158000000,14/12/2014
2819,2,5,18,30,44,53,33,154000000,10/12/2014
2818,12,31,37,44,52,55,25,149000000,07/12/2014
2817,7,21,33,35,43,55,51,145500000,03/12/2014
2816,3,6,22,38,40,56,12,140000000,30/11/2014
2815,17,19,22,23,36,38,49,137000000,26/11/2014
2814,9,17,22,26,49,56,1,133000000,23/11/2014
2813,2,8,16,23,42,48,15,129000000,19/11/2014
2812,28,30,32,34,42,43,46,123500000,16/11/2014
2811,2,29,30,36,44,51,32,119000000,12/11/2014
2810,6,30,34,46,50,52,32,112500000,09/11/2014
2809,20,32,33,34,50,56,4,107000000,05/11/2014
2808,10,17,20,31,50,51,3,101000000,02/11/2014
2807,8,9,14,28,33,56,12,98000000,29/10/2014
2806,11,12,17,29,30,34,38,93000000,26/10/2014
2805,1,13,21,22,33,45,19,90000000,22/10/2014
2804,3,10,14,28,48,56,27,85000000,19/10/2014
2803,8,12,19,21,22,43,49,81500000,15/10/2014
2802,11,22,25,29,37,55,41,76500000,12/10/2014
2801,19,26,37,50,53,54,48,72000000,08/10/2014
2800,8,15,35,37,41,48,26,67000000,05/10/2014
2799,13,14,16,28,50,51,21,62000000,01/10/2014
2798,8,14,20,42,43,55,44,57000000,28/09/2014
2797,4,5,16,29,39,55,21,53000000,24/09/2014
2796,2,17,39,48,53,56,15,47000000,21/09/2014
2795,8,20,26,27,42,44,11,43500000,17/09/2014
2794,7,8,20,37,39,45,48,38500000,14/09/2014
2793,6,12,40,43,51,56,26,36000000,10/09/2014
2792,8,13,18,22,40,54,41,35000000,07/09/2014
2791,4,8,11,37,41,43,18,34000000,03/09/2014
2790,33,35,47,52,53,56,3,33000000,31/08/2014
2789,7,17,40,48,53,56,35,32000000,27/08/2014
2788,3,6,40,41,47,48,49,31000000,24/08/2014
2787,3,5,19,24,28,30,15,30000000,20/08/2014
2786,4,15,16,30,44,50,43,247000000,17/08/2014
2785,2,13,21,35,41,49,47,243000000,13/08/2014
2784,3,29,30,38,42,50,44,237000000,10/08/2014
2783,18,24,31,39,47,51,2,231500000,06/08/2014
2782,1,3,16,19,20,28,23,226000000,03/08/2014
2781,10,14,16,17,27,49,52,222000000,30/07/2014
2780,1,5,6,8,30,46,17,216500000,27/07/2014
2779,13,21,37,42,43,48,14,212500000,23/07/2014
2778,1,3,12,22,35,55,44,208000000,20/07/2014
2777,11,18,21,31,36,49,51,203000000,16/07/2014
2776,5,8,26,32,37,39,23,198000000,13/07/2014
2775,2,6,30,34,37,43,55,194000000,09/07/2014
2774,12,25,31,36,46,54,9,188000000,06/07/2014
2773,9,18,40,42,48,52,36,183000000,02/07/2014
2772,5,26,30,34,37,56,23,178000000,29/06/2014
2771,5,13,15,40,54,55,23,174000000,25/06/2014
2770,14,18,50,51,52,56,5,168000000,22/06/2014
2769,6,11,27,33,41,56,53,165000000,18/06/2014
2768,5,7,44,51,53,54,28,159000000,15/06/2014
2767,2,4,26,27,28,44,16,156000000,11/06/2014
2766,4,15,16,34,44,56,2,151000000,08/06/2014
2765,2,14,21,28,36,49,47,146500000,04/06/2014
2764,10,23,29,45,53,56,54,140500000,01/06/2014
2763,1,6,15,22,34,39,21,137000000,28/05/2014
2762,14,33,41,43,52,56,38,131000000,25/05/2014
2761,4,8,15,36,39,45,28,127000000,21/05/2014
2760,4,11,12,40,45,51,55,121000000,18/05/2014
2759,12,15,31,50,54,55,11,116500000,14/05/2014
2758,12,20,33,46,50,51,54,111000000,11/05/2014
2757,6,18,36,48,50,52,28,106500000,07/05/2014
2756,5,6,33,34,46,55,38,101500000,04/05/2014
2755,4,20,29,31,44,48,49,97000000,30/04/2014
2754,11,18,31,35,39,42,34,91500000,27/04/2014
2753,8,16,21,39,50,52,4,87000000,23/04/2014
2752,15,17,19,22,31,53,10,83000000,20/04/2014
2751,10,22,29,30,32,33,51,79000000,16/04/2014
2750,6,19,23,25,28,42,47,75000000,13/04/2014
2749,8,11,14,36,49,55,15,71000000,09/04/2014
2748,2,14,27,42,46,50,21,66500000,06/04/2014
2747,34,44,45,51,52,56,53,61500000,02/04/2014
2746,7,11,26,38,39,56,14,57000000,30/03/2014
2745,1,13,19,29,41,46,50,53000000,26/03/2014
2744,1,9,12,19,31,34,21,49000000,23/03/2014
2743,1,2,4,31,32,46,11,44500000,19/03/2014
2742,10,26,40,44,50,54,6,39000000,16/03/2014
2741,1,4,20,21,24,34,22,37000000,12/03/2014
2740,28,31,32,44,51,52,20,36000000,09/03/2014
2739,5,16,17,24,41,47,36,35000000,05/03/2014
2738,4,6,20,21,45,55,38,34000000,02/03/2014
2737,16,19,23,29,33,49,36,33000000,26/02/2014
2736,7,24,27,39,45,52,12,32000000,23/02/2014
2735,13,18,26,30,31,53,37,31000000,19/02/2014
2734,2,7,10,27,34,54,32,30000000,16/02/2014
2733,10,15,23,24,36,49,29,181500000,12/02/2014
2732,3,6,19,28,48,52,13,176000000,09/02/2014
2731,2,3,7,26,30,48,53,172500000,05/02/2014
2730,5,7,8,23,26,55,50,168000000,02/02/2014
2729,7,9,29,44,48,55,23,164000000,29/01/2014
2728,5,16,30,31,38,52,35,158500000,26/01/2014
2727,2,9,15,16,21,42,24,155000000,22/01/2014
2726,7,14,23,26,43,49,12,151000000,19/01/2014
2725,6,13,27,32,47,52,18,146000000,15/01/2014
2724,13,15,19,33,49,53,26,141500000,12/01/2014
2723,7,10,13,23,34,44,51,137000000,08/01/2014
2722,1,5,28,48,49,55,22,131000000,05/01/2014
2721,5,6,7,25,33,50,51,128000000,01/01/2014
2720,24,30,40,41,55,56,3,121500000,29/12/2013
2719,9,10,30,35,41,48,29,117000000,25/12/2013
2718,5,13,20,32,36,56,25,113000000,22/12/2013
2717,7,26,31,44,45,53,51,108500000,18/12/2013
2716,8,16,18,46,52,55,22,103000000,15/12/2013
2715,6,13,17,20,31,50,9,99000000,11/12/2013
2714,4,5,22,28,31,37,30,95000000,08/12/2013
2713,5,15,24,25,37,39,49,90000000,04/12/2013
2712,2,7,12,35,51,54,13,85500000,01/12/2013
2711,7,13,23,37,48,49,53,82000000,27/11/2013
2710,10,29,32,42,43,47,8,77000000,24/11/2013
2709,2,10,25,30,32,56,50,72000000,20/11/2013
2708,4,5,30,43,45,51,29,68000000,17/11/2013
2707,8,9,12,30,43,51,29,64000000,13/11/2013
2706,4,9,20,25,28,37,29,60000000,10/11/2013
2705,4,13,22,34,37,39,44,56000000,06/11/2013
2704,4,19,24,39,49,55,36,51000000,03/11/2013
2703,3,4,18,20,26,28,10,47000000,30/10/2013
2702,8,9,23,37,48,53,11,43000000,27/10/2013
2701,5,16,22,26,31,41,11,40000000,23/10/2013
2700,9,23,26,28,37,54,20,37000000,20/10/2013
2699,7,13,19,27,50,54,28,36000000,16/10/2013
2698,1,21,23,30,46,47,5,35000000,13/10/2013
2697,20,22,30,33,45,49,10,34000000,09/10/2013
2696,16,36,37,52,55,56,47,33000000,06/10/2013
2695,5,10,15,16,21,30,49,32000000,02/10/2013
2694,12,32,34,45,46,51,26,31000000,29/09/2013
2693,7,8,10,29,46,55,1,30000000,25/09/2013
2692,10,21,33,44,50,53,5,65000000,22/09/2013
2691,5,8,9,17,29,50,23,62000000,18/09/2013
2690,6,8,20,23,39,47,40,57000000,15/09/2013
2689,4,9,25,32,38,40,49,54000000,11/09/2013
2688,10,14,16,31,33,46,15,49000000,08/09/2013
2687,5,8,10,24,37,55,14,45000000,04/09/2013
2686,4,11,21,31,42,43,7,40000000,01/09/2013
2685,12,18,19,39,43,48,51,37000000,28/08/2013
2684,6,22,26,30,35,55,47,36000000,25/08/2013
2683,3,6,21,22,39,43,16,35000000,21/08/2013
2682,4,6,14,17,34,39,24,34000000,18/08/2013
2681,2,5,19,20,35,52,45,33000000,14/08/2013
2680,2,15,17,25,33,43,28,32000000,11/08/2013
2679,6,12,20,26,34,40,27,31000000,07/08/2013
2678,14,22,26,28,43,54,49,30000000,04/08/2013
2677,11,13,22,27,31,34,25,639500000,31/07/2013
2676,4,5,19,40,45,50,52,632500000,28/07/2013
2675,13,17,18,35,53,56,25,627000000,24/07/2013
2674,8,20,32,43,51,53,55,619000000,21/07/2013
2673,12,17,35,44,49,53,54,612500000,17/07/2013
2672,2,14,26,31,37,48,41,605500000,14/07/2013
2671,17,32,42,44,47,49,23,598500000,10/07/2013
2670,13,25,31,44,47,49,40,591000000,07/07/2013
2669,2,3,34,36,48,55,56,584000000,03/07/2013
2668,12,25,30,35,43,45,21,576000000,30/06/2013
2667,4,12,26,34,49,53,11,569000000,26/06/2013
2666,22,23,28,35,51,52,4,559000000,23/06/2013
2665,3,4,6,27,39,48,37,551000000,19/06/2013
2664,16,26,30,32,42,43,36,542000000,16/06/2013
2663,5,10,26,28,35,49,41,535500000,12/06/2013
2662,13,22,24,33,44,49,39,526000000,09/06/2013
2661,2,27,37,41,46,55,52,518000000,05/06/2013
2660,3,5,14,24,48,53,44,510500000,02/06/2013
2659,35,43,45,46,49,53,37,502000000,29/05/2013
2658,2,3,5,28,41,49,13,494500000,26/05/2013
2657,3,25,27,33,36,41,56,488000000,22/05/2013
2656,23,25,35,43,47,56,31,480000000,19/05/2013
2655,1,22,29,34,40,43,4,472000000,15/05/2013
2654,5,20,35,46,50,53,51,464000000,12/05/2013
2653,1,18,26,27,44,54,5,456000000,08/05/2013
2652,16,17,25,39,49,55,12,447000000,05/05/2013
2651,2,4,13,25,28,40,5,442000000,01/05/2013
2650,11,21,35,38,41,45,12,434000000,28/04/2013
2649,22,23,31,36,46,56,54,427000000,24/04/2013
2648,1,2,9,17,35,56,36,420000000,21/04/2013
2647,3,6,18,38,40,43,45,412500000,17/04/2013
2646,3,22,24,33,38,39,56,405000000,14/04/2013
2645,19,25,26,44,50,54,20,398000000,10/04/2013
2644,2,7,8,22,26,54,55,391000000,07/04/2013
2643,4,6,15,18,27,33,51,386000000,03/04/2013
2642,17,21,22,26,41,53,3,379000000,31/03/2013
2641,8,11,13,21,52,56,28,374000000,27/03/2013
2640,3,23,27,34,38,47,4,368000000,24/03/2013
2639,2,8,14,23,30,39,44,362500000,20/03/2013
2638,24,43,46,47,48,52,21,354500000,17/03/2013
2637,7,10,12,29,42,50,22,349000000,13/03/2013
2636,7,14,17,19,42,52,3,343000000,10/03/2013
2635,5,8,15,16,29,30,43,338000000,06/03/2013
2634,26,28,36,38,47,49,22,330000000,03/03/2013
2633,3,21,28,43,46,48,41,324000000,27/02/2013
2632,4,7,18,24,48,49,28,318000000,24/02/2013
2631,2,10,15,31,42,43,33,312500000,20/02/2013
2630,3,18,27,35,42,54,22,306500000,17/02/2013
2629,2,7,11,20,38,56,17,301000000,13/02/2013
2628,5,8,17,32,52,56,29,295000000,10/02/2013
2627,28,35,44,46,47,51,15,289000000,06/02/2013
2626,2,6,15,24,36,54,8,283500000,03/02/2013
2625,2,12,13,15,17,52,55,278500000,30/01/2013
2624,4,13,18,36,38,49,51,273000000,27/01/2013
2623,18,20,25,30,40,50,56,267500000,23/01/2013
2622,11,19,21,22,42,47,45,261500000,20/01/2013
2621,29,33,39,43,48,56,49,255500000,16/01/2013
2620,13,19,33,43,47,53,4,249500000,13/01/2013
2619,18,19,32,36,39,43,20,244000000,09/01/2013
2618,3,21,29,33,51,55,43,238000000,06/01/2013
2617,16,22,37,41,46,55,15,233000000,02/01/2013
2616,2,7,20,25,30,39,47,227000000,30/12/2012
2615,7,28,51,53,54,55,49,223000000,26/12/2012
2614,16,27,39,47,49,53,37,216000000,23/12/2012
2613,12,14,17,23,26,46,11,212000000,19/12/2012
2612,24,35,43,46,49,53,40,206000000,16/12/2012
2611,17,26,45,48,50,54,1,201000000,12/12/2012
2610,12,21,31,38,40,51,46,195500000,09/12/2012
2609,2,19,21,22,26,42,23,191000000,05/12/2012
2608,9,14,30,41,43,54,20,185000000,02/12/2012
2607,2,13,22,31,33,43,29,181000000,28/11/2012
2606,12,18,33,41,45,56,8,177000000,25/11/2012
2605,4,23,25,40,44,48,10,173000000,21/11/2012
2604,10,26,32,35,54,56,38,168000000,18/11/2012
2603,1,15,35,36,40,49,18,163000000,14/11/2012
2602,1,5,15,20,43,45,39,158000000,11/11/2012
2601,6,11,19,42,53,55,45,154000000,07/11/2012
2600,1,13,20,29,32,48,17,149000000,04/11/2012
2599,8,23,26,49,50,56,39,145000000,31/10/2012
2598,10,20,26,50,55,56,35,140000000,28/10/2012
2597,3,14,36,48,53,54,22,136000000,24/10/2012
2596,1,16,18,20,39,48,7,130000000,21/10/2012
2595,2,10,18,19,26,53,33,126000000,17/10/2012
2594,16,21,30,32,33,47,40,122000000,14/10/2012
2593,7,9,18,25,26,46,44,119000000,10/10/2012
2592,5,15,24,29,37,53,51,114500000,07/10/2012
2591,5,14,18,23,34,39,26,110000000,03/10/2012
2590,5,8,26,34,53,54,52,105000000,30/09/2012
2589,2,7,14,24,42,52,27,102500000,26/09/2012
2588,7,9,23,25,29,33,34,99000000,23/09/2012
2587,10,11,16,18,33,47,41,95000000,19/09/2012
2586,11,14,23,28,44,49,10,91500000,16/09/2012
2585,2,17,18,21,27,54,52,88000000,12/09/2012
2584,10,17,28,33,48,53,3,84000000,09/09/2012
2583,12,13,29,32,33,35,37,80000000,05/09/2012
2582,2,13,22,31,41,51,43,75000000,02/09/2012
2581,10,20,28,33,34,47,48,72000000,29/08/2012
2580,24,26,40,45,49,54,8,67000000,26/08/2012
2579,16,20,22,32,38,52,50,63000000,22/08/2012
2578,2,20,22,35,41,42,45,59000000,19/08/2012
2577,8,10,25,27,36,56,7,55000000,15/08/2012
2576,3,21,23,27,41,49,53,51000000,12/08/2012
2575,7,10,16,30,40,44,38,48000000,08/08/2012
2574,14,26,33,35,39,49,25,44000000,05/08/2012
2573,2,26,45,50,51,56,53,39000000,01/08/2012
2572,1,5,17,21,27,37,39,38000000,29/07/2012
2571,11,19,23,46,55,56,43,37000000,25/07/2012
2570,18,21,39,41,44,45,10,36000000,22/07/2012
2569,7,11,21,32,37,53,31,35000000,18/07/2012
2568,1,19,29,46,47,55,5,34000000,15/07/2012
2567,3,7,13,20,44,46,2,33000000,11/07/2012
2566,5,7,9,23,36,56,4,32000000,08/07/2012
2565,4,22,35,37,46,50,36,31000000,04/07/2012
2564,15,17,38,46,48,54,49,30000000,01/07/2012
2563,9,12,42,47,51,56,22,182000000,27/06/2012
2562,1,4,14,26,42,54,39,177000000,24/06/2012
2561,3,8,32,46,49,51,26,172000000,20/06/2012
2560,11,12,20,25,52,54,30,167000000,17/06/2012
2559,14,26,29,38,41,49,12,162000000,13/06/2012
2558,8,28,29,40,44,51,22,156000000,10/06/2012
2557,6,7,12,22,39,52,49,152000000,06/06/2012
2556,8,11,14,35,44,56,36,147000000,03/06/2012
2555,20,24,40,43,48,55,41,141000000,30/05/2012
2554,2,13,38,43,53,54,21,136000000,27/05/2012
2553,5,21,32,33,40,52,2,131000000,23/05/2012
2552,15,39,41,42,49,54,13,125000000,20/05/2012
2551,4,5,7,10,30,54,46,121000000,16/05/2012
2550,4,18,19,30,45,56,51,116000000,13/05/2012
2549,9,16,21,31,39,53,43,111000000,09/05/2012
2548,3,14,21,23,48,56,54,106000000,06/05/2012
2547,9,20,24,26,36,38,25,102000000,02/05/2012
2546,2,13,40,42,45,53,27,97000000,29/04/2012
2545,1,5,13,22,30,55,47,94000000,25/04/2012
2544,2,9,12,19,21,52,55,89000000,22/04/2012
2543,31,35,43,45,47,53,41,84000000,18/04/2012
2542,4,18,45,46,48,50,53,77000000,15/04/2012
2541,18,21,26,35,36,50,44,72000000,11/04/2012
2540,3,18,21,42,43,48,22,67000000,08/04/2012
2539,6,12,13,26,35,40,22,62000000,04/04/2012
2538,9,12,18,23,24,38,19,59000000,01/04/2012
2537,9,13,16,22,34,51,17,55000000,28/03/2012
2536,15,22,26,27,36,46,25,50000000,25/03/2012
2535,9,23,28,34,43,53,19,46000000,21/03/2012
2534,1,2,19,21,34,37,45,41000000,18/03/2012
2533,2,26,27,36,39,43,29,37000000,14/03/2012
2532,4,17,30,45,49,54,40,36000000,11/03/2012
2531,2,8,21,32,49,53,50,35000000,07/03/2012
2530,7,11,19,32,37,38,14,34000000,04/03/2012
2529,1,12,13,27,44,50,46,33000000,29/02/2012
2528,5,7,15,18,34,43,11,32000000,26/02/2012
2527,20,22,23,34,42,51,33,31000000,22/02/2012
2526,5,9,11,37,42,48,10,30000000,19/02/2012
2525,6,19,29,39,42,48,51,37000000,15/02/2012
2524,11,12,17,35,36,50,51,36000000,12/02/2012
2523,1,5,14,33,47,51,12,35000000,08/02/2012
2522,4,15,27,41,51,55,45,34000000,05/02/2012
2521,15,28,29,31,36,41,35,33000000,01/02/2012
2520,1,21,22,25,31,49,20,32000000,29/01/2012
2519,4,8,21,26,27,51,38,31000000,25/01/2012
2518,6,12,15,24,25,49,42,30000000,22/01/2012
2517,12,23,29,32,36,48,53,112000000,18/01/2012
2516,3,4,16,33,39,40,54,106000000,15/01/2012
2515,3,4,14,24,32,40,28,101000000,11/01/2012
2514,14,19,32,42,47,48,5,95000000,08/01/2012
2513,9,17,21,41,47,51,31,90000000,04/01/2012
2512,12,18,41,46,51,54,4,84000000,01/01/2012
2511,5,7,18,19,40,55,39,79000000,28/12/2011
2510,3,8,23,39,46,51,22,75000000,25/12/2011
2509,7,14,25,26,29,47,23,70000000,21/12/2011
2508,14,20,26,39,40,56,17,64000000,18/12/2011
2507,13,30,38,40,43,49,9,59000000,14/12/2011
2506,1,2,7,13,15,46,5,55000000,11/12/2011
2505,1,16,49,53,54,55,27,50000000,07/12/2011
2504,7,19,24,25,29,33,48,45000000,04/12/2011
2503,2,12,28,41,44,45,49,40000000,30/11/2011
2502,13,33,37,39,40,51,9,36000000,27/11/2011
2501,1,3,20,34,49,55,53,35000000,23/11/2011
2500,4,9,11,20,24,28,33,34000000,20/11/2011
2499,9,12,44,50,52,53,47,33000000,16/11/2011
2498,1,4,12,16,30,31,11,32000000,13/11/2011
2497,6,34,40,49,52,53,12,31000000,09/11/2011
2496,3,8,18,22,23,42,53,30000000,06/11/2011
2495,2,9,16,26,50,56,11,282000000,02/11/2011
2494,10,16,21,24,28,42,47,276000000,30/10/2011
2493,8,11,12,15,43,48,29,270000000,26/10/2011
2492,8,14,22,31,46,56,42,263000000,23/10/2011
2491,3,7,36,50,52,56,40,257000000,19/10/2011
2490,9,14,17,19,41,44,26,252000000,16/10/2011
2489,5,12,15,25,26,27,44,247000000,12/10/2011
2488,10,15,18,19,37,55,1,241000000,09/10/2011
2487,5,10,20,21,32,44,6,236000000,05/10/2011
2486,4,8,26,28,41,55,10,229000000,02/10/2011
2485,4,13,31,40,49,51,52,223000000,28/09/2011
2484,4,9,11,14,42,52,2,218000000,25/09/2011
2483,12,16,22,46,52,55,49,212000000,21/09/2011
2482,7,21,32,33,46,55,13,207000000,18/09/2011
2481,9,13,28,34,36,48,43,202000000,14/09/2011
2480,5,38,43,47,54,56,45,196000000,11/09/2011
2479,14,20,39,43,45,52,40,190000000,07/09/2011
2478,9,21,26,33,45,48,52,184000000,04/09/2011
2477,16,33,34,44,46,47,45,179000000,31/08/2011
2476,18,19,36,47,50,51,53,172000000,28/08/2011
2475,14,20,36,37,44,51,1,167000000,24/08/2011
2474,5,8,25,40,42,49,9,161000000,21/08/2011
2473,4,5,12,14,44,53,28,157000000,17/08/2011
2472,23,31,37,50,51,53,30,150000000,14/08/2011
2471,13,20,22,23,33,48,7,145000000,10/08/2011
2470,5,33,49,50,53,54,44,139000000,07/08/2011
2469,5,21,22,36,37,47,39,134000000,03/08/2011
2468,3,10,11,38,49,52,48,128000000,31/07/2011
2467,1,32,43,44,52,55,22,123000000,27/07/2011
2466,5,10,11,29,41,55,30,118000000,24/07/2011
2465,3,7,21,24,31,49,35,114000000,20/07/2011
2464,9,16,27,29,43,44,36,108000000,17/07/2011
2463,24,35,42,45,48,52,51,103000000,13/07/2011
2462,9,15,21,27,42,51,23,98000000,10/07/2011
2461,1,14,20,39,43,54,29,93000000,06/07/2011
2460,5,6,9,46,54,56,38,87000000,03/07/2011
2459,1,31,40,45,46,55,2,82000000,29/06/2011
2458,4,20,44,45,50,56,15,76000000,26/06/2011
2457,9,28,30,35,42,48,56,71000000,22/06/2011
2456,20,31,36,39,54,56,48,64000000,19/06/2011
2455,6,7,12,32,45,49,44,59000000,15/06/2011
2454,10,20,26,46,49,55,19,53000000,12/06/2011
2453,8,16,18,26,29,35,36,48000000,08/06/2011
2452,4,12,17,18,20,36,2,43000000,05/06/2011
2451,20,24,28,49,51,53,48,37000000,01/06/2011
2450,4,5,17,19,42,48,2,35000000,29/05/2011
2449,2,19,23,34,38,40,28,34000000,25/05/2011
2448,4,7,9,11,22,48,32,33000000,22/05/2011
2447,30,35,38,41,44,51,56,32000000,18/05/2011
2446,17,29,40,41,47,53,25,31000000,15/05/2011
2445,8,14,20,37,45,53,51,30000000,11/05/2011
2444,1,2,7,30,41,55,49,249000000,08/05/2011
2443,9,29,49,50,52,56,37,241000000,04/05/2011
2442,21,30,36,41,42,50,32,230000000,01/05/2011
2441,4,7,12,17,42,45,23,224000000,27/04/2011
2440,13,14,25,38,41,50,26,217000000,24/04/2011
2439,1,5,10,13,18,39,51,211000000,20/04/2011
2438,1,18,24,32,38,56,46,203000000,17/04/2011
2437,4,10,13,25,26,39,33,196000000,13/04/2011
2436,5,6,7,18,20,25,39,189000000,10/04/2011
2435,1,12,18,20,38,41,49,182000000,06/04/2011
2434,13,20,38,49,52,56,7,174000000,03/04/2011
2433,1,4,32,35,39,55,45,168000000,30/03/2011
2432,9,10,29,37,39,56,11,160000000,27/03/2011
2431,2,22,25,35,43,47,49,153000000,23/03/2011
2430,16,19,29,36,37,45,3,146000000,20/03/2011
2429,12,22,23,31,45,47,4,140000000,16/03/2011
2428,5,12,19,21,51,54,43,134000000,13/03/2011
2427,2,14,17,28,30,54,16,128000000,09/03/2011
2426,12,14,16,17,22,33,20,122000000,06/03/2011
2425,2,4,12,13,27,32,30,117000000,02/03/2011
2424,1,8,15,18,34,52,16,110000000,27/02/2011
2423,1,8,11,16,20,52,23,105000000,23/02/2011
2422,17,21,24,35,42,51,1,98000000,20/02/2011
2421,20,23,36,41,51,55,11,92000000,16/02/2011
2420,10,11,14,32,35,49,8,86000000,13/02/2011
2419,9,22,28,52,55,56,54,80000000,09/02/2011
2418,3,6,9,23,28,52,44,75000000,06/02/2011
2417,12,15,39,54,55,56,32,68000000,02/02/2011
2416,15,21,27,37,44,49,55,62000000,30/01/2011
2415,13,37,52,54,55,56,6,56000000,26/01/2011
2414,12,25,45,50,55,56,44,49000000,23/01/2011
2413,5,27,32,35,38,56,18,43000000,19/01/2011
2412,1,26,27,28,45,54,35,36000000,16/01/2011
2411,3,5,6,14,19,45,34,34000000,12/01/2011
2410,5,28,32,42,52,54,49,33000000,09/01/2011
2409,6,12,15,28,30,46,26,32000000,05/01/2011
2408,19,21,32,40,50,51,36,31000000,02/01/2011
2407,13,17,25,32,45,48,56,30000000,29/12/2010
2406,10,23,24,28,33,55,46,121000000,26/12/2010
2405,1,21,35,37,47,49,48,114000000,22/12/2010
2404,7,17,23,37,43,53,24,107000000,19/12/2010
2403,12,17,19,24,31,35,11,102000000,15/12/2010
2402,3,11,20,25,46,53,17,95000000,12/12/2010
2401,6,15,30,31,38,44,54,87000000,08/12/2010
2400,5,6,14,19,25,43,37,82000000,05/12/2010
2399,15,18,20,21,29,32,14,75000000,01/12/2010
2398,9,14,17,33,41,42,4,69000000,28/11/2010
2397,4,5,8,35,38,45,2,64000000,24/11/2010
2396,16,19,20,22,26,47,4,57000000,21/11/2010
2395,12,22,29,37,39,51,20,51000000,17/11/2010
2394,3,10,16,41,50,54,27,44000000,14/11/2010
2393,8,11,26,38,44,45,32,38000000,10/11/2010
2392,11,16,20,25,41,47,28,34000000,07/11/2010
2391,1,21,27,28,32,55,26,33000000,03/11/2010
2390,11,25,30,44,48,49,50,32000000,31/10/2010
2389,6,7,15,22,45,54,24,31000000,27/10/2010
2388,6,20,25,39,44,56,40,30000000,24/10/2010
2387,5,17,23,30,41,47,54,39000000,20/10/2010
2386,13,20,35,40,41,43,56,34000000,17/10/2010
2385,2,6,15,16,28,29,31,33000000,13/10/2010
2384,6,17,19,21,25,40,28,32000000,10/10/2010
2383,10,12,24,29,31,36,56,31000000,06/10/2010
2382,13,39,44,45,46,52,32,30000000,03/10/2010
2381,10,16,21,23,44,49,39,30000000,29/09/2010
2380,1,5,12,16,20,39,32,239000000,26/09/2010
2379,2,4,13,41,46,55,30,232000000,22/09/2010
2378,14,20,24,28,30,34,3,225000000,19/09/2010
2377,3,23,25,32,35,45,37,216000000,15/09/2010
2376,2,4,14,15,45,47,34,209000000,12/09/2010
2375,8,14,20,24,35,36,56,202000000,08/09/2010
2374,8,12,32,33,42,48,54,194000000,05/09/2010
2373,4,12,29,38,45,46,5,187000000,01/09/2010
2372,6,11,22,40,46,50,20,179000000,29/08/2010
2371,2,16,36,52,53,55,28,170000000,25/08/2010
2370,3,21,23,24,30,55,44,158000000,22/08/2010
2369,22,25,37,40,41,45,51,149000000,18/08/2010
2368,8,16,29,41,45,55,44,138000000,15/08/2010
2367,15,18,27,42,50,51,41,130000000,11/08/2010
2366,1,10,14,27,44,56,49,120000000,08/08/2010
2365,3,18,32,44,45,48,9,111000000,04/08/2010
2364,6,7,18,34,42,52,43,101000000,01/08/2010
2363,15,31,40,53,55,56,37,91000000,28/07/2010
2362,22,26,38,52,55,56,53,81000000,25/07/2010
2361,2,19,27,34,42,56,51,72000000,21/07/2010
2360,3,17,34,42,50,56,18,61000000,18/07/2010
2359,11,13,22,39,54,55,49,52000000,14/07/2010
2358,10,11,33,35,38,46,9,42000000,11/07/2010
2357,7,10,15,33,42,55,5,35000000,07/07/2010
2356,11,20,28,36,52,56,55,31000000,04/07/2010
2355,3,15,19,26,30,43,41,30000000,30/06/2010
2354,1,23,27,35,47,49,34,379000000,27/06/2010
2353,12,19,23,31,43,52,44,364000000,23/06/2010
2352,5,10,30,35,36,38,52,346000000,20/06/2010
2351,3,5,10,12,18,33,36,332000000,16/06/2010
2350,8,9,20,38,42,53,50,314000000,13/06/2010
2349,6,16,50,52,54,56,20,297000000,09/06/2010
2348,2,4,23,36,52,55,26,281000000,06/06/2010
2347,3,28,29,33,49,51,47,266000000,02/06/2010
2346,18,22,27,34,49,56,39,248000000,30/05/2010
2345,6,12,17,30,36,39,24,234000000,26/05/2010
2344,19,25,36,37,41,50,47,220000000,23/05/2010
2343,5,6,8,25,26,36,46,209000000,19/05/2010
2342,1,3,25,26,42,53,18,197000000,16/05/2010
2341,16,19,21,33,40,44,36,185000000,12/05/2010
2340,5,7,47,48,49,54,52,173000000,09/05/2010
2339,2,19,26,41,42,51,5,162000000,05/05/2010
2338,2,27,36,47,50,56,11,150000000,02/05/2010
2337,16,24,37,39,40,42,34,140000000,28/04/2010
2336,4,15,29,39,42,44,9,130000000,25/04/2010
2335,4,13,20,22,29,48,45,121000000,21/04/2010
2334,9,19,22,38,41,48,2,110000000,18/04/2010
2333,21,22,27,38,49,56,34,101000000,14/04/2010
2332,3,4,13,14,23,27,30,93000000,11/04/2010
2331,9,19,20,26,39,47,12,84000000,07/04/2010
2330,8,20,23,36,40,52,28,76000000,04/04/2010
2329,1,11,21,28,44,48,27,68000000,31/03/2010
2328,1,16,22,48,54,56,25,58000000,28/03/2010
2327,11,12,17,47,54,55,2,50000000,24/03/2010
2326,5,7,16,39,47,55,33,40000000,21/03/2010
2325,2,26,27,47,52,56,11,33000000,17/03/2010
2324,5,17,24,28,29,32,31,32000000,14/03/2010
2323,16,26,27,32,45,46,40,31000000,10/03/2010
2322,7,14,24,34,44,51,38,30000000,07/03/2010
2321,12,22,24,34,49,56,52,70000000,03/03/2010
2320,2,7,27,29,30,50,23,60000000,28/02/2010
2319,6,9,27,43,44,55,28,53000000,24/02/2010
2318,23,29,32,40,47,52,17,43000000,21/02/2010
2317,2,8,17,19,33,35,34,36000000,17/02/2010
2316,3,6,20,26,34,56,16,32000000,14/02/2010
2315,5,7,13,30,41,52,27,31000000,10/02/2010
2314,6,11,17,24,39,46,40,30000000,07/02/2010
2313,9,15,36,49,51,55,45,244000000,03/02/2010
2312,14,16,22,23,41,54,44,228000000,31/01/2010
2311,9,16,25,36,49,56,45,215000000,27/01/2010
2310,19,22,35,39,46,53,54,200000000,24/01/2010
2309,12,22,28,34,35,44,8,189000000,20/01/2010
2308,13,24,26,36,47,48,15,177000000,17/01/2010
2307,7,15,41,45,48,55,33,166000000,13/01/2010
2306,16,32,33,36,37,38,19,153000000,10/01/2010
2305,1,9,11,23,32,51,38,142000000,06/01/2010
2304,5,15,16,23,39,52,33,130000000,03/01/2010
2303,3,8,24,25,37,43,14,122000000,30/12/2009
2302,1,10,11,20,40,51,34,110000000,27/12/2009
2301,5,12,27,34,39,44,16,102000000,23/12/2009
2300,8,12,33,38,40,44,19,93000000,20/12/2009
2299,5,8,14,17,30,47,54,84000000,16/12/2009
2298,17,24,31,34,38,40,8,75000000,13/12/2009
2297,2,3,11,20,35,53,25,68000000,09/12/2009
2296,7,10,19,30,34,56,54,59000000,06/12/2009
2295,2,12,21,28,33,54,43,51000000,02/12/2009
2294,13,24,29,32,37,39,28,43000000,29/11/2009
2293,5,10,22,25,42,50,29,36000000,25/11/2009
2292,3,15,34,43,48,54,6,33000000,22/11/2009
2291,3,7,8,12,45,48,34,32000000,18/11/2009
2290,14,26,36,42,46,51,28,31000000,15/11/2009
2289,9,15,19,33,43,51,45,30000000,11/11/2009
2288,4,12,34,43,49,53,18,60000000,08/11/2009
2287,3,14,19,26,30,40,51,52000000,04/11/2009
2286,14,15,30,43,50,56,28,44000000,01/11/2009
2285,11,16,44,45,54,55,6,36000000,28/10/2009
2284,4,10,12,14,36,53,7,33000000,25/10/2009
2283,11,19,29,39,43,45,21,32000000,21/10/2009
2282,1,5,8,16,21,54,53,31000000,18/10/2009
2281,7,8,9,14,21,37,11,30000000,14/10/2009
2280,1,6,23,27,42,54,14,33000000,11/10/2009
2279,6,10,17,21,45,54,42,32000000,07/10/2009
2278,7,15,28,34,39,48,18,31000000,04/10/2009
2277,18,27,40,42,53,54,39,30000000,30/09/2009
2276,14,24,27,28,38,54,23,141000000,27/09/2009
2275,8,13,27,41,52,55,33,133000000,23/09/2009
2274,10,25,27,29,43,56,4,124000000,20/09/2009
2273,4,14,25,34,36,55,49,116000000,16/09/2009
2272,3,10,21,25,31,48,26,108000000,13/09/2009
2271,15,16,18,28,48,51,21,100000000,09/09/2009
2270,4,7,18,31,47,52,42,91000000,06/09/2009
2269,5,9,14,34,47,53,54,84000000,02/09/2009
2268,15,20,29,42,47,52,51,75000000,30/08/2009
2267,3,5,23,38,55,56,28,68000000,26/08/2009
2266,4,16,36,40,41,43,17,60000000,23/08/2009
2265,2,9,11,32,40,49,13,53000000,19/08/2009
2264,21,27,31,48,49,55,35,45000000,16/08/2009
2263,35,44,45,50,55,56,30,37000000,12/08/2009
2262,23,30,33,41,43,56,4,33000000,09/08/2009
2261,21,23,37,47,51,56,32,32000000,05/08/2009
2260,17,31,33,52,54,55,15,31000000,02/08/2009
2259,13,31,37,40,43,51,30,30000000,29/07/2009
2258,3,17,24,25,34,39,18,199000000,26/07/2009
2257,1,8,30,45,48,52,11,187000000,22/07/2009
2256,6,12,33,43,48,53,47,175000000,19/07/2009
2255,6,16,22,42,44,46,26,164000000,15/07/2009
2254,7,10,15,36,42,53,32,153000000,12/07/2009
2253,11,15,30,41,45,50,6,143000000,08/07/2009
2252,18,21,32,34,48,53,45,132000000,05/07/2009
2251,8,17,21,25,35,39,28,124000000,01/07/2009
2250,19,21,48,50,51,56,35,113000000,28/06/2009
2249,16,17,20,22,24,44,15,106000000,24/06/2009
2248,6,10,21,28,37,55,29,97000000,21/06/2009
2247,1,8,14,31,32,38,35,89000000,17/06/2009
2246,3,11,17,33,42,55,48,81000000,14/06/2009
2245,10,12,18,42,43,48,53,73000000,10/06/2009
2244,2,12,23,33,46,55,42,65000000,07/06/2009
2243,10,13,22,42,43,49,9,57000000,03/06/2009
2242,2,16,30,33,47,48,19,48000000,31/05/2009
2241,5,12,13,37,47,56,19,42000000,27/05/2009
2240,6,10,12,29,38,50,30,34000000,24/05/2009
2239,13,14,16,23,25,49,47,33000000,20/05/2009
2238,2,13,14,19,42,51,47,32000000,17/05/2009
2237,3,9,11,30,41,47,22,31000000,13/05/2009
2236,9,17,21,35,43,52,49,30000000,10/05/2009
2235,5,38,39,42,50,53,9,213000000,06/05/2009
2234,13,16,18,43,46,49,14,0,03/05/2009
2233,9,13,26,35,42,53,40,190000000,29/04/2009
2232,17,18,25,27,38,48,26,180000000,26/04/2009
2231,15,16,17,21,31,39,44,170000000,22/04/2009
2230,5,13,25,26,41,46,18,159000000,19/04/2009
2229,3,11,18,34,42,43,52,150000000,15/04/2009
2228,2,27,29,33,44,48,51,142000000,12/04/2009
2227,4,9,19,20,36,52,13,134000000,08/04/2009
2226,3,6,13,32,35,54,53,126000000,05/04/2009
2225,13,20,28,40,48,50,3,117000000,01/04/2009
2224,12,24,28,30,44,46,40,107000000,29/03/2009
2223,8,11,12,21,37,39,6,100000000,25/03/2009
2222,25,35,46,49,50,56,28,90000000,22/03/2009
2221,1,9,11,27,43,55,5,84000000,18/03/2009
2220,3,14,15,19,47,48,13,76000000,15/03/2009
2219,9,13,19,25,40,51,26,70000000,11/03/2009
2218,9,13,36,37,51,55,4,62000000,08/03/2009
2217,16,26,44,46,52,56,45,54000000,04/03/2009
2216,10,19,26,45,50,51,21,45000000,01/03/2009
2215,29,33,34,41,52,54,48,35000000,25/02/2009
2214,5,16,25,35,42,47,19,34000000,22/02/2009
2213,7,20,21,35,45,47,24,33000000,18/02/2009
2212,6,19,21,25,30,47,16,32000000,15/02/2009
2211,2,23,43,46,49,52,40,31000000,11/02/2009
2210,1,5,8,28,40,50,54,30000000,08/02/2009
2209,9,21,22,24,37,38,10,32000000,04/02/2009
2208,9,15,16,39,41,48,26,31000000,01/02/2009
2207,13,16,20,25,28,38,48,30000000,28/01/2009
2206,4,19,23,24,30,39,33,36000000,25/01/2009
2205,8,17,22,36,39,41,50,33000000,21/01/2009
2204,2,25,42,44,47,49,24,32000000,18/01/2009
2203,10,14,41,42,47,55,56,31000000,14/01/2009
2202,13,14,19,36,37,47,33,30000000,11/01/2009
2201,13,14,23,24,34,53,21,32000000,07/01/2009
2200,7,12,26,27,40,44,52,31000000,04/01/2009
2199,14,19,48,51,52,55,34,30000000,31/12/2008
2198,10,19,32,34,44,53,5,267000000,28/12/2008
2197,6,15,38,40,52,56,49,248000000,24/12/2008
2196,3,19,37,46,51,53,11,231000000,21/12/2008
2195,3,12,16,23,47,51,37,218000000,17/12/2008
2194,1,2,28,34,46,51,47,202000000,14/12/2008
2193,6,29,44,46,47,51,38,190000000,10/12/2008
2192,8,23,27,32,38,46,24,180000000,07/12/2008
2191,1,8,9,12,28,36,53,170000000,03/12/2008
2190,2,10,14,29,41,49,38,159000000,30/11/2008
2189,11,12,13,14,17,46,34,151000000,26/11/2008
2188,4,17,35,44,46,47,27,141000000,23/11/2008
2187,10,39,42,45,50,56,26,132000000,19/11/2008
2186,14,25,26,27,49,52,41,123000000,16/11/2008
2185,7,8,18,27,33,52,34,116000000,12/11/2008
2184,1,3,4,33,43,55,24,107000000,09/11/2008
2183,9,14,25,35,45,52,48,99000000,05/11/2008
2182,25,36,45,47,49,52,18,90000000,02/11/2008
2181,7,18,19,31,41,52,48,84000000,29/10/2008
2180,1,12,21,22,37,52,6,76000000,26/10/2008
2179,8,16,19,27,31,43,28,71000000,22/10/2008
2178,7,8,15,20,28,40,17,64000000,19/10/2008
2177,1,2,9,37,38,45,10,58000000,15/10/2008
2176,4,12,20,24,26,30,29,51000000,12/10/2008
2175,7,19,33,37,38,50,40,45000000,08/10/2008
2174,1,13,18,37,39,55,11,38000000,05/10/2008
2173,7,15,19,26,46,49,48,34000000,01/10/2008
2172,15,16,27,28,36,52,2,33000000,28/09/2008
2171,12,14,26,27,30,49,32,32000000,24/09/2008
2170,2,6,29,38,47,54,48,31000000,21/09/2008
2169,2,4,13,17,26,29,44,30000000,17/09/2008
2168,5,7,25,34,41,46,39,50000000,14/09/2008
2167,5,8,18,30,32,33,7,45000000,10/09/2008
2166,4,12,16,18,19,55,50,38000000,07/09/2008
2165,3,15,17,23,38,49,44,34000000,03/09/2008
2164,8,19,24,30,33,47,28,33000000,31/08/2008
2163,4,8,9,10,34,41,53,32000000,27/08/2008
2162,14,16,25,29,51,54,45,31000000,24/08/2008
2161,1,6,20,21,26,41,38,30000000,20/08/2008
2160,15,17,31,40,45,49,46,135000000,17/08/2008
2159,11,16,34,38,48,50,27,125000000,13/08/2008
2158,10,15,23,33,44,53,51,117000000,10/08/2008
2157,24,29,31,42,43,55,51,108000000,06/08/2008
2156,10,36,46,47,51,53,3,97000000,03/08/2008
2155,6,10,14,22,32,54,43,90000000,30/07/2008
2154,1,4,21,33,39,53,44,83000000,27/07/2008
2153,1,3,18,21,25,29,36,76000000,23/07/2008
2152,6,11,14,24,32,44,21,69000000,20/07/2008
2151,4,36,38,43,45,55,52,62000000,16/07/2008
2150,8,15,28,30,31,45,38,54000000,13/07/2008
2149,2,8,14,16,19,22,43,48000000,09/07/2008
2148,8,14,37,39,41,49,26,40000000,06/07/2008
2147,5,8,11,12,48,56,10,35000000,02/07/2008
2146,4,17,34,47,48,51,31,33000000,29/06/2008
2145,4,7,15,19,43,52,40,32000000,25/06/2008
2144,14,19,21,30,46,52,24,31000000,22/06/2008
2143,5,14,20,29,34,54,55,30000000,18/06/2008
2142,3,5,22,34,40,47,16,0,15/06/2008
2141,10,13,16,27,29,32,24,128000000,11/06/2008
2140,11,19,25,44,50,53,32,117000000,08/06/2008
2139,3,4,12,13,19,28,10,110000000,04/06/2008
2138,7,29,33,37,52,55,10,100000000,01/06/2008
2137,26,29,34,35,39,50,32,92000000,28/05/2008
2136,12,21,31,35,46,55,5,84000000,25/05/2008
2135,3,23,26,41,47,50,48,76000000,21/05/2008
2134,10,11,12,29,47,50,54,68000000,18/05/2008
2133,15,16,25,29,47,52,53,61000000,14/05/2008
2132,3,27,33,34,36,42,22,54000000,11/05/2008
2131,16,19,22,24,29,51,38,48000000,07/05/2008
2130,3,8,12,17,23,32,56,41000000,04/05/2008
2129,2,13,27,33,35,36,19,36000000,30/04/2008
2128,8,12,15,17,43,50,52,34000000,27/04/2008
2127,9,13,24,32,39,55,37,32000000,23/04/2008
2126,5,20,22,25,42,56,15,31000000,20/04/2008
2125,9,13,17,25,37,43,1,30000000,16/04/2008
2124,5,19,23,27,36,51,39,61000000,13/04/2008
2123,10,13,25,35,37,41,42,55000000,09/04/2008
2122,12,18,45,49,50,53,9,46000000,06/04/2008
2121,24,35,37,47,54,55,30,38000000,02/04/2008
2120,2,6,13,35,43,52,16,0,30/03/2008
2119,12,21,22,26,41,50,40,32000000,26/03/2008
2118,30,32,33,40,41,52,3,31000000,23/03/2008
2117,9,17,28,36,45,51,43,30000000,19/03/2008
2116,23,27,29,32,37,48,13,185000000,16/03/2008
2115,7,9,10,38,41,56,37,173000000,12/03/2008
2114,3,23,25,26,33,34,4,161000000,09/03/2008
2113,5,15,21,28,43,50,40,151000000,05/03/2008
2112,7,17,32,33,34,51,38,140000000,02/03/2008
2111,8,18,24,31,39,43,37,131000000,27/02/2008
2110,6,10,12,35,39,53,55,121000000,24/02/2008
2109,2,9,13,37,46,52,26,112000000,20/02/2008
2108,22,26,43,49,53,55,48,102000000,17/02/2008
2107,5,6,19,38,42,44,29,94000000,13/02/2008
2106,1,3,27,37,44,52,14,86000000,10/02/2008
2105,24,28,35,40,42,50,25,78000000,06/02/2008
2104,9,13,34,46,54,56,35,69000000,03/02/2008
2103,4,6,13,20,21,47,53,62000000,30/01/2008
2102,2,3,32,40,43,47,11,53000000,27/01/2008
2101,19,27,29,35,37,44,24,47000000,23/01/2008
2100,11,28,29,31,49,54,19,43000000,20/01/2008
2099,8,16,24,42,46,50,28,39000000,16/01/2008
2098,6,27,37,41,50,53,18,35000000,13/01/2008
2097,9,37,38,42,50,56,6,32000000,09/01/2008
2096,1,5,10,13,31,54,46,30000000,06/01/2008
2095,10,19,20,23,31,44,38,89000000,02/01/2008
2094,15,17,38,41,46,54,21,79000000,30/12/2007
2093,4,9,27,31,33,40,45,73000000,26/12/2007
2092,9,10,24,32,35,55,34,64000000,23/12/2007
2091,7,8,26,27,53,56,20,57000000,19/12/2007
2090,17,18,19,24,37,53,50,54000000,16/12/2007
2089,10,17,21,50,54,56,37,50000000,12/12/2007
2088,6,24,31,36,43,51,21,44000000,09/12/2007
